SITE,LATITUDE,LONGITUDE,LOG.ALTITUDE,LOG.DISTANCE.FROM.SOURCE,LOG.WIDTH,LOG.DEPTH,MEAN.SUBSTRATUM,DISCHARGE.CATEGORY,ALKALINITY,LOG.ALKALINITY,LOG.SLOPE,MEAN.AIR.TEMP,AIR.TEMP.RANGE,p1,p2,p3,p4,p5,p6,p7,p8,p9,p10,p11,p12,p13,p14,p15,p16,p17,p18,p19,p20,p21,p22,p23,p24,p25,p26,p27,p28,p29,p30,p31,p32,p33,p34,p35,p36,p37,p38,p39,p40,p41,p42,p43,SuitCode,SuitText,BelongsTo_endGrp,Season,TL1_BMWP,TL1_NTAXA,TL1_ASPT,TL2_WHPT_Score_nonAb_DistFam,TL2_WHPT_NTAXA_nonAb_DistFam,TL2_WHPT_ASPT_nonAb_DistFam,TL2_WHPT_Score_nonAb_CompFam,TL2_WHPT_NTAXA_nonAb_CompFam,TL2_WHPT_ASPT_nonAb_CompFam,TL2_WHPT_Score_AbW_DistFam,TL2_WHPT_NTAXA_AbW_DistFam,TL2_WHPT_ASPT_AbW_DistFam,TL2_WHPT_Score_AbW_CompFam,TL2_WHPT_NTAXA_AbW_CompFam,TL2_WHPT_ASPT_AbW_CompFam,TL1_AWIC_Fam,TL4_AWIC_Sp_Murphy,TL5_AWIC_Sp_Murphy,TL4_WFD_AWIC_Sp_McFarland,TL5_WFD_AWIC_Sp_McFarland,TL4_Raddum,TL5_Raddum,TL4_SEPA_per_Acid_Sensitive_Taxa,TL5_SEPA_perc_Acid_Sensitive_Taxa,TL4_MetTol,TL5_MetTol,TL1_2_LIFE_Fam_CompFam,TL2_LIFE_Fam_DistFam,TL3_LIFE_Fam_DistFam,TL4_LIFE_Sp,TL5_LIFE_Sp,TL3_PSI_Fam,TL4_PSI_Sp,TL5_PSI_Sp,TL3_E_PSI_fam69,TL4_E_PSI_mixed_level,TL5_E_PSI_mixed_level,TL4_oFSIsp,TL5_oFSIsp,TL4_ToFSIsp,TL5_ToFSIsp,TL4_CoFSIsp,TL5_CoFSIsp,TL4_GSFI_FI05,TL5_GSFI_FI05,TL4_GSFI_FI09,TL5_GSFI_FI09,TL4_GSFI_FI091,TL5_GSFI_FI091,TL4_GSFI_FI091_K,TL5_GSFI_FI091_K,TL4_GSFI_FI092,TL5_GSFI_FI092,TL4_GSFI_FI11_12,TL5_GSFI_FI11_12,TL4_GSFI_FI14_16,TL5_GSFI_FI14_16,TL4_GSFI_FI15_17,TL5_GSFI_FI15_17,TL4_GSFI_FI152,TL5_GSFI_FI152,TL2_SPEAR_Fam_perc,TL4_SPEAR_Sp_perc,TL5_SPEAR_Sp_perc,SPEAR_pesticides_TL2_fam_Knillmann_2018,SPEAR_refuge_TL2_fam_Knillmann_2018,SPEAR_pesticides_TL4_sp_Knillmann_2018,SPEAR_refuge_TL4_sp_Knillmann_2018,SPEAR_pesticides_TL5_sp_Knillmann_2018,SPEAR_refuge_TL5_sp_Knillmann_2018,TL4_CCI,TL5_CCI,TL2_08_Group_ARMI_NTaxa,TL2_08_Group_ARMI_Score,TL2_33_Group_ARMI_NTaxa,TL2_33_Group_ARMI_Score,TL2_33_Group_Flow_Silt_NTaxa,TL2_33_Group_Flow_Silt_Score,TL2_14_Group_Urban_NTaxa,TL2_14_Group_Urban_Score
TST-01-R,54.3059249293251,-0.553780334709806,1.77815125038364,1,0.806179973983887,1.33645973384853,-5.63775510204082,2,101.4,2.00603795499732,0.431363764158987,9.486258339646,11.9531393303016,9.35624929792625E-09,6.92587179612505E-07,1.05324205223325E-13,1.24332921134569E-06,3.49226125829981E-12,5.63026791383714E-06,8.8588703374323E-07,1.21781603024114E-05,0.000650372376423,1.01954779145616E-05,7.57338532793074E-05,0.001118373533654,1.98648311218688E-06,2.31121225675714E-07,1.13547470111629E-08,0.001282355364595,0.00023788563669,0.00037426176415,0.046130142725098,0.111632612860989,0.035469305236082,0.000918726933031,0.015013709878082,0.269136021055264,0.007355226915794,0.142875020244897,0.091394310828081,0.104596168139551,7.40990162616164E-05,5.90527916129994E-10,0.002351583050209,0.107588440128506,0.00055589708791,5.67320268488337E-06,0.03057303893261,0.002371867261716,0.017792433353634,0.008307836235278,0.000625693175817,0.001448658557919,1.14618650577989E-05,2.6167720910395E-08,4.28703855109191E-17,1,>5%,EndGr8,Spring,152.582737327402,24.2540775613369,6.26876757470976,180.818684091259,27.3034177153992,6.6127670297727,175.686069534005,26.6333663398111,6.58910383561495,183.06314244937,27.3034177153992,6.69529166842742,178.041494095789,26.6333663398111,6.67864041081157,4.66425282908853,6.93049022458602,6.91801276874278,9.54862504712548,9.54502756390749,0.995793923464298,0.995793923464298,44.0107062916723,43.7237549662087,47.1034528140701,45.2833120075608,7.58538491664244,7.5839521267953,7.58395923578377,8.40889310112417,8.48998855134202,65.8601549113668,77.3144257236925,77.6481805189335,86.2655043904445,88.8289546849963,88.4723244196579,6.22095155756501,6.4166998755867,4.94789129259558,5.03229813857757,4.98645190503262,5.10279453005091,-0.160807027537851,-0.132453590607913,0.620071487990723,0.651561690600795,0.629333600833399,0.661993754895856,0.952684182307468,0.971237585793296,0.506209440061638,0.514321952362751,0.135562488860458,0.07135235457937,1.00086174710908,1.09571135376033,0.846437681579058,0.792299914049857,1.04570246353331,0.75156078999389,49.713853636408,48.5409800397372,54.035857455203,51.7671053046763,94.6328554749808,93.9156950144519,88.5855299734622,58.9894124655497,93.101074836325,11.2472299693463,10.5123427873703,6.67428411582379,14.5537105364754,18.4673257811813,35.2408543273117,18.4673257811813,35.4814682670386,10.8326534819925,19.7741921361324
TST-02-R,53.178053491526,-1.67229122847342,2.15228834438306,0.778151250383644,0.778151250383644,1.02938377768521,-3.2125,4,194.6,2.28914283593233,0.698970004336019,9.74991538053931,12.562100878587,6.13846873480614E-16,4.20915210062973E-08,1.66347621120685E-14,6.61074711405754E-09,2.41776267366043E-12,7.19553641835785E-08,3.80469414791574E-08,3.09548127000462E-06,9.06470274004673E-06,4.6642336207293E-07,0.000151112303655,0.000153435792557,5.68232156911252E-07,3.24382993124951E-07,1.75477110906428E-07,2.72590521171161E-05,0.003558120699368,0.000551897736248,0.044156789809557,0.002777490374179,0.094785464726302,0.002091756051619,0.000645882423502,0.234877335772585,8.8592083300439E-05,0.024001387149101,0.038282740562491,0.019451379244058,8.21739464745464E-06,0.00282354906959,0.011049014052127,0.136109284031606,0.002508012190467,0.002852204329598,0.261390356619829,0.004723600680033,0.024469237765674,0.046029841720397,0.042317376272307,8.17678682095673E-05,2.27607261256502E-05,2.80092108924651E-07,1.00431992445681E-17,1,>5%,EndGr14,Spring,143.703194646323,24.1502183365313,5.90459528321508,169.106296798984,27.1848060572468,6.18191468847805,164.586834553598,26.5394791025334,6.16703869178415,170.306792104352,27.1848060572468,6.22129821361796,165.852318960681,26.5394791025334,6.21077069671647,4.8957359860245,7.10131581626544,7.09127790894773,9.8654812279221,9.86320896865962,0.997349184715769,0.997349184715769,39.6459003477849,39.4653706748501,47.348676647166,44.9686823378509,7.41337659557537,7.41009380345331,7.4101061427347,8.13223575820882,8.2640044285275,60.1646395989954,69.236560203875,70.0125521072382,80.9728752692229,83.8109741735274,83.5918873283869,6.10921334965028,6.30146179167891,4.74755254260314,4.83896232207703,4.83348251929443,4.9525195292907,-0.454335715234545,-0.434310066907549,0.370303396119982,0.422870688501335,0.385238995550708,0.440136746750331,0.788750368177173,0.79883529386977,0.344756733376718,0.347705700146877,-0.033127521456999,-0.094204909811505,0.794514092567918,0.805190802519834,0.772138575160417,0.663012074805274,0.943537310442743,0.652191292258488,43.6087382200166,41.9127271000774,48.1323215061297,44.4012619822585,95.5209437301037,93.3014934005865,89.3139482690226,51.7174756458598,93.9870239257688,11.0631618997657,10.2349019165287,6.41224632324368,14.089821135663,18.5977272282019,36.438369628595,18.5977272282019,33.999521449909,11.1148958740319,19.5992939817241
TST-03-R,50.877208228879,-4.49454029713352,2,0.230448921378274,0.146128035678238,0.89209460269048,-5.65594059405941,1,50,1.69897000433602,1.60205999132796,10.7608726934834,9.84847197072911,9.02552617405425E-15,2.63614915411653E-07,5.98886716112281E-10,2.58661652777237E-06,3.56567776271887E-11,2.20777617574883E-07,8.17171690287467E-05,0.001221822927903,2.82824118757624E-05,1.14074910081794E-05,9.1495314952924E-07,1.82603164195824E-05,0.000121061039405,1.33601319712911E-05,3.1512035801218E-07,0.029541791490434,0.00028817108944,1.38611562521587E-05,0.000121010078552,0.000821807420735,0.024630763264311,1.90940652970049E-06,0.000475145003012,8.1945366797415E-05,0.084968420270804,0.124431769517334,0.080093010460054,0.020702711409871,0.632243485846129,1.16336496786474E-06,4.02130744047197E-05,3.67013082700901E-05,2.13854335684853E-08,1.24112151906202E-10,5.65031276093472E-07,7.91155361745218E-11,5.1977577183464E-09,1.45573756468519E-08,3.85070289420123E-06,1.45018930126212E-06,1.04543261495637E-13,8.82614931095917E-18,1.61030853423199E-27,1,>5%,EndGr8,Spring,154.650335869592,24.0763386038137,6.40703042194652,187.691566536681,27.0030686702806,6.9449647268881,181.044905368545,26.2472035416367,6.89103551736159,191.36678287078,27.0030686702806,7.08002352874344,184.936219272395,26.2472035416367,7.03884817010642,4.40271411808027,6.64578779885424,6.64289221641964,9.05470881504391,9.05302190989418,0.996333345746676,0.996333345746676,43.2118960907831,42.9765873535344,45.1260659518817,44.1686460938506,7.75648379492209,7.74887272339242,7.74887272778736,8.56669537388367,8.63006906128973,71.1052245821016,84.8081870110375,83.7853158640763,88.2046364616567,90.4211626668253,89.7452459521426,6.32575856211711,6.50250163725853,5.03906295715836,5.04880861797647,5.07501009184084,5.14226821078724,0.10339613049562,0.109014830446987,0.827946187777687,0.861088498665834,0.828158458416778,0.861249901106764,1.10453313454283,1.13682666290147,0.524390640008264,0.528418065725156,0.352257155125532,0.292384001133398,1.29426519050893,1.44992412069246,0.96551557301964,0.965218467256628,1.09374111145995,0.807133832431251,48.2148614459405,48.2075802737994,52.6637817081941,53.3801670344825,94.9414037225168,90.4074882790498,89.4056555501583,60.5497335983043,93.205823566246,11.7169129298882,11.2663424284745,6.0629007833661,13.453541040043,18.2230424091011,32.7759389899271,18.2230424091011,36.5773374836695,9.90738766978669,18.7385567456709
TST-04-R,52.8306027217763,-1.93019888397528,1.98677173426624,1.43136376415899,1,0.939519252618618,-2.8,3,164,2.2148438480477,0.255272505103306,9.59049139356395,12.650149346575,3.43071813485603E-17,8.97513393714875E-10,2.77535314303693E-16,2.05367678017377E-09,1.22641288133078E-13,9.82058637153512E-09,5.3636245503914E-09,8.09846748157781E-09,1.27626985300606E-07,1.70746840497304E-09,1.08092740374328E-05,8.36782104008938E-05,6.44070565485655E-08,1.96060925100817E-08,2.08558420804098E-09,1.54574843846517E-06,0.0006464710346,4.28376835539185E-05,0.001714045062927,0.010747386042624,0.056231853890226,0.001410734860773,0.001183602644463,0.086377159043872,8.59958418602847E-05,0.002063809337093,6.15490596949058E-05,0.001838714925055,3.87172317267956E-08,2.59849999492285E-11,0.014161810328076,0.24905859105099,0.001594600539293,3.92696924113888E-05,0.563914557163762,0.000895201488797,0.00259262018767,0.00460348926195,0.000506071601971,0.000132012395064,1.30095913984107E-06,2.26086140217389E-09,1.86015002760765E-16,1,>5%,EndGr37,Spring,137.34010865433,23.9244123124264,5.68568765904402,159.814325702642,26.7041546786079,5.93442470696552,155.755690400576,26.0704828645727,5.92866206182629,160.365178274714,26.7041546786079,5.94896344933008,156.328980042233,26.0704828645727,5.94574218950454,5.05011774799369,7.18876173324934,7.18023979677088,10.0062711998291,10.0052184538444,0.999870680362059,0.999870680362059,34.0271217174174,33.8623796427259,47.3501213989973,44.4194790924523,7.33680938672565,7.33242274801142,7.33243082845162,7.98370819188657,8.1639778607154,57.0068669375961,65.5901539080728,66.5692140675263,78.8292004829963,82.4562684152837,82.2962793831915,6.07824622552854,6.27435562001248,4.64036133365874,4.73084217446093,4.76167903725595,4.88150254865633,-0.619273373900805,-0.60675146072302,0.246771399607269,0.337216519622117,0.264821132276489,0.358796973144831,0.714199089500188,0.719755407090276,0.305845423492049,0.299905190513125,-0.170271764536625,-0.207623032185329,0.682155456227068,0.642389334369163,0.738833543376039,0.605782934500394,0.928949032505479,0.651786961348093,40.1100380586379,38.1551132167793,44.9015742313524,38.4984273806146,96.2672398723964,92.2213284886446,90.1835770315245,44.8430764849432,94.7640166412693,10.9042584176805,10.0225554497255,6.26621034893661,13.8463138547629,18.7143821870942,37.1264548175518,18.7143821870942,33.59714366699,11.3068298800458,19.4720649410927
TST-05-R,51.9101988165427,0.791418939978073,1.17609125905568,1.44715803134222,0.819543935541869,1.15836249209525,-3.37,3,217.7,2.33785842904109,0.113943352306837,10.0983847589,13.669552395552,1.68462614445163E-19,6.33784697685021E-17,1.45540937424894E-23,7.91375269459051E-16,6.74732283270574E-21,1.72292636421722E-16,4.80719217309444E-15,2.06036043954573E-15,2.28293624061885E-14,9.19002361190174E-17,3.32215047353288E-13,4.20403179328991E-11,2.7426792559243E-15,1.0718659390205E-16,1.56082244805831E-17,1.1719001820842E-12,9.89153925038775E-09,1.340461906504E-10,7.45020117947767E-08,7.02761943379522E-08,1.58260935871085E-06,1.03112106417106E-09,7.530245145611E-09,0.000133910923601,5.37860270045801E-09,6.93386640157882E-08,1.48617022357962E-06,2.81756267363593E-07,6.1210753056739E-11,5.29057673031402E-12,8.47711310633146E-07,4.81250643599507E-05,3.69503530522895E-05,0.00477874227769,0.091469789997254,0.362350666573056,0.194250335067881,0.341783622258015,0.000830797325759,0.000179089365616,0.004130688766651,2.84553531550808E-06,5.20855553710575E-11,1,>5%,EndGr20,Spring,124.267328906539,23.6924552329848,5.21434902485908,141.392399007745,26.3593004471526,5.3453120152923,138.97699325607,25.7994411172692,5.36838275423883,140.298058784122,26.3593004471526,5.30221911682503,137.866103830375,25.7994411172692,5.32405513907341,5.24202829859285,7.16971649992375,7.16188735090773,10.1293608166719,10.1293317864003,0.999997985396181,0.999997985396181,27.856056298757,27.7960122591955,47.4305051182619,44.3353118208421,6.94342932157576,6.92470596460833,6.92470676543744,7.3742878612429,7.56234352562965,47.1093528256439,49.0957232027737,50.5385104367479,65.5069122331009,67.7527598381193,67.6955193455476,5.70932464477512,5.8641861365543,4.40702493526384,4.49914895742592,4.50016414923043,4.60660129077079,-0.905711799190489,-0.9502994813723,-0.273516029605408,-0.225721374441482,-0.249434157308722,-0.198182576380821,0.353692937597669,0.33843768917439,-0.244373189952424,-0.241086311359503,-0.162088499964482,-0.207125542369387,0.200988192838674,-0.023859500952853,0.565577581417895,0.332848059494855,0.662343687592505,0.370887258189439,31.7085192354849,30.8288191546075,37.123503014341,36.7402413376965,95.9281028955924,93.5195936171869,87.7632384758721,43.6008109225123,94.2521087024846,10.6876010181842,10.2663240341003,5.46411422570948,11.8324326538002,17.7643834257176,36.1940182907931,17.7643834257176,27.5626363980949,11.0133667277958,17.6817795287312
TST-06-R,50.893935657628,-1.89615445263576,1.57978359661681,0.255272505103306,0.255272505103306,1.15228834438306,2.9950495049505,1,178,2.25042000230889,0.740362689494244,10.5580483909605,12.4957512203979,2.20032496755844E-24,3.40817919003955E-14,2.1014910673179E-21,1.20700343782688E-15,9.95149718500583E-21,7.26783356368465E-16,1.20066921151004E-12,4.05605584393677E-12,5.21269903280179E-12,1.16186932092011E-14,4.2683707432923E-14,3.86295030959435E-12,1.32618578004543E-13,3.99421078205389E-15,1.13352040737612E-15,1.36260481736855E-10,4.71612057318471E-10,7.29980856615651E-12,1.37456474949033E-09,4.70255883045264E-08,3.23997544631531E-07,1.47755514141025E-11,1.39263540798685E-08,1.94016513899152E-06,3.30964175192598E-08,2.7262723430741E-06,0.00227443158647,2.90289474384354E-06,9.48623905991636E-07,0.000789160325006,1.86462671844488E-06,8.48395032833706E-08,5.33247456113264E-07,7.45709172881391E-05,0.001103294630222,0.000246821870678,0.004637998634476,0.03941332016484,0.893336875364316,0.05680672226099,0.001305315652379,6.39695319742718E-08,3.88901454303109E-09,1,>5%,EndGr14,Spring,124.589487453005,22.8098906603215,5.4274065171313,145.679000964668,25.7454097407395,5.64406022996214,144.131850069759,25.4448599362988,5.64846443356077,144.574736049563,25.7454097407395,5.59493088703889,143.12603245009,25.4448599362988,5.60286393515726,5.09601175071377,6.96578665360609,6.96062202253782,9.92576347783394,9.92285057703947,0.999900713726582,0.999900713726582,40.4398920303528,40.1940915004287,47.369035525679,45.7983127358891,7.09506072988051,7.08159174504673,7.08176728192383,7.54821258842698,7.76839006071069,49.3759907739854,48.8524514740996,51.3626051415599,64.2215267071536,62.7358608266328,62.8475722720568,5.71083493481406,5.89973300110747,4.37819468637777,4.42850735951437,4.48434957048648,4.57878125001569,-0.663620982868145,-0.624772726902757,-0.126883887934758,-0.123813976355475,-0.122370086400835,-0.119206547104424,0.515443879146909,0.521795555440323,-0.333570742735599,-0.32051264744676,0.091187905522601,0.006548251464334,0.677188578531689,0.59064449549649,0.619584417454854,0.387770478134891,0.449371673347875,0.147446515148963,32.6570609796172,32.0722859589506,38.0744283881933,38.6905552592389,93.4033759168281,95.919531029249,81.7648914755288,50.0944915969151,90.8820169598432,10.8283861058736,10.3713082641039,5.95070652131702,12.1854116985684,18.3397192693273,35.7393800524954,18.3397192693273,30.0667601981662,11.0848505650507,17.8838839354214
TST-07-R,52.5472207306573,0.364094893981812,0,1.83884909073726,1.60205999132796,2.30102999566398,7.4375,7,237.3,2.37529773821734,-0.698970004336019,9.64487082195775,13.5841805945221,1.56791298838854E-38,7.67102864282738E-30,9.30980124547201E-40,1.14800806360064E-32,1.40463269592502E-35,1.6943976058158E-30,6.94435360276377E-29,2.23404699174122E-31,3.76142344172086E-26,1.54538080129496E-30,2.61282973631376E-27,2.91384064478574E-25,5.89058864995253E-29,2.04747835826757E-32,1.16198704759452E-31,9.36121545415677E-29,4.35737768413103E-21,4.2013497547167E-22,5.01473812424383E-21,5.96208872781579E-20,1.84826999427744E-21,7.0289096015621E-22,2.97296160603293E-23,4.99757083793209E-19,6.10803531732309E-23,5.36835326148493E-23,2.17370602873058E-19,5.85747622411661E-24,5.55315188629461E-26,9.34211547622857E-23,4.62193367351816E-16,6.3236468134824E-17,1.54136627407296E-13,5.67321450823978E-08,3.84377354380717E-12,1.45375414102957E-07,1.35167176054789E-09,5.16279862581428E-10,6.33620273864271E-11,6.44852039925683E-12,0.000675224601487,3.25276969095188E-06,0.999321318579502,1,>5%,EndGr42,Spring,108.76819959359,23.7679593634061,4.54028998903847,114.885087987319,26.9213453572013,4.2500820976655,110.854785884368,25.0756316902971,4.39296880597562,110.332003754313,26.9213453572013,4.09385543210715,106.586175188948,25.0756316902971,4.23405057525038,5.64930872143081,7.35895380947098,7.35894536823348,10.2825836025062,10.2825790246748,0.999999864457079,0.999999864457079,3.06910027099704,3.05677571806358,51.9462260429917,47.8757446355725,5.95300944296022,5.76785983014815,5.76785990603528,5.74815082362033,5.77673674554406,12.9653349490689,4.50602507671783,4.70844585666947,20.5736418997571,10.7294676282804,10.7840076898951,4.84225003371066,4.83428058688969,4.24877920270632,4.35168946542839,4.10755246484136,4.1632055159014,-1.30723876648626,-1.29719027972767,-1.53273830670219,-1.34407438553301,-1.53273187633516,-1.34406627410768,-0.810683816798571,-0.745217806625922,-1.40891906501508,-1.42561585550837,-0.63347438456798,-0.637647825929861,-1.01973937618775,-1.14060594261812,-0.012044235728994,-0.403096948590409,-0.706305388307828,-0.693387871330537,19.5487021375385,23.3532479578701,27.3642219750529,24.9901225386233,98.8851669771626,96.3698523778844,96.6792331432298,35.6048241486455,98.4265326232463,13.7841428834929,13.582762436801,3.15446866222932,6.15470197884752,15.1542377851903,30.8454985168289,15.1542377851903,12.5422538877425,8.07765376495411,10.6166982800731
TST-08-R,60.0434248664715,-1.21731389657521,0.698970004336019,0.819543935541869,0.556302500767287,1.07918124604762,-6.535,1,17.5,1.24303804868629,1.06069784035361,7.53,8.88,0.999992317718904,7.6451094893803E-06,4.87710542345578E-11,3.55196326655307E-08,9.72516738226477E-12,7.41305381853755E-10,1.42655027384678E-11,5.80019769330414E-11,1.60065484481083E-12,3.50474304712155E-10,2.17415138246064E-13,1.49419075001625E-12,3.96536126896754E-10,4.61222655581888E-12,1.66398673139824E-12,8.92924308264938E-13,7.41671226112674E-18,1.90618564967013E-15,8.62271667939306E-13,9.90961755835447E-13,3.099734026871E-15,3.3351335361983E-14,1.65203948195315E-11,2.65725739704266E-17,4.90575324075969E-15,1.1493996084813E-15,7.6894685481254E-15,3.9718801873212E-12,1.45051114335055E-16,6.97057793660935E-22,3.98000432279782E-17,1.5086832625312E-14,5.23260971174606E-23,1.82423114766201E-25,7.83911865856778E-20,4.21031780026745E-21,1.58788331511359E-20,6.57350689376068E-20,3.15153597366348E-20,1.12430096568433E-20,4.43784468367194E-25,4.9313735549469E-32,1.43181383613313E-36,1,>5%,EndGr38,Spring,57.2225597994113,10.8889347959639,5.23200635733781,70.9114588516962,11.7778242641111,6.04678428929012,69.3448002325635,11.6667151171189,5.97822479505309,69.5892427852219,11.7778242641111,5.89100495888058,68.1003646113053,11.6667151171189,5.83278544072319,4.24233166465943,6.02444068458658,6.0244406845847,7.82878181290424,7.8287818129026,0.99999999799655,0.99999999799655,17.1442185924559,16.8784391442898,45.879125375491,43.6666867219021,7.35089082023751,7.35244076451902,7.35244076451902,8.16899975042124,8.25821916931515,69.5176474413923,80.3358808041551,79.0825392818072,93.4721994219847,93.5059742742873,92.1275321420241,5.59567239589295,5.96389122126799,5.26933042288213,5.61543854295336,4.95133107616956,5.27655959672391,-1.0182155656724,-1.02132509624859,0.740781723607246,0.884561028135477,0.77411146755724,0.927110701254863,0.146335519660808,0.424114039483399,-0.414215054064128,-0.398215177479565,0.04000007627886,-0.098329481815816,1.05556010981158,1.33310912732482,0.992218525073049,0.990667906979684,0.846222312776144,0.142334263994255,42.1091824523118,39.0833862395314,48.4108286078868,41.1242254601235,99.7297545639428,94.9575795741954,96.5386307748988,32.6246495854794,99.2900844631052,2.46504032306591,2.03271359491746,4.00000560146746,6.11112385151434,9.66669831471025,15.3333699241793,9.66669831471025,16.4444875453359,6.44445194730856,9.00001960389613
TST-09-R,55.7172164125137,-6.23063405422065,1.66275783168157,0.929418925714293,0.656098202012832,1.30102999566398,-6.265,3,3,0.477121254719662,1.05690485133647,9.42718770450423,9.09075220163416,1.9738877750842E-12,8.73776106844026E-09,0.4628262440013,0.187038515913822,0.332493457587043,0.000919596587205,0.000182337886395,0.002572019003406,3.59168844641548E-05,0.000571210330912,4.13704590116882E-06,7.77896677010376E-06,0.004032849914136,0.006647485505006,0.002619864196854,1.82858827404309E-05,1.76146626012295E-09,8.00353350005223E-09,4.6807044822976E-08,4.70875786709158E-08,9.6507955036088E-08,2.28541985325021E-09,1.19307651630231E-07,9.12219612745632E-10,1.90722110187244E-05,4.41808559234285E-07,1.10873702192263E-08,7.50193840079642E-08,1.03677229028183E-05,2.48365553603567E-16,4.37523226765003E-10,5.942459118901E-10,6.54427719219228E-14,3.79565006614442E-17,1.40425692929366E-13,7.27640636772104E-17,1.33217343506913E-14,1.14044124884006E-14,1.81320773797343E-13,2.40826631103873E-14,6.11872138174013E-20,8.42989880722403E-23,6.01518684086424E-34,1,>5%,EndGr32,Spring,94.0255395999283,15.0146419435903,6.2605467715391,111.08401650173,15.854800768815,7.02895137814068,110.32953330392,15.7849167270358,7.01188133997489,109.535305421046,15.854800768815,6.92334904902209,108.7997235748,15.7849167270358,6.90657432408183,3.9411418739881,5.75941208632383,5.75940899430978,7.52624967470441,7.52624684985378,0.946530940854168,0.946530940854168,16.9182573402826,16.0162346149784,45.1834164849431,43.5433758957137,7.72359932703348,7.7255583185567,7.72555831855647,8.46812658687221,8.48078895874559,75.1537521955457,90.759659748218,86.5538650611649,94.3921763261008,97.3974877473837,95.0972937047373,6.03357537045406,6.31097890493062,5.84854489946772,5.87449311670862,5.43340978136157,5.54523250189378,-0.046523599098263,-0.045130359524839,0.935381909493561,1.07109524039588,0.943104248594523,1.07934945660144,0.671017621138592,0.864543442495679,0.446755870813178,0.44369049523337,0.25997587488111,0.339488420438242,1.29221904856573,1.31876748276379,1.01307283722428,1.0068488826722,1.18891589954089,0.894344048281824,53.9684941525888,54.1221917361408,57.266579680801,44.6623717663577,93.8514084752203,85.5097303095656,90.2284115275694,48.6325755275598,93.2841945570507,8.21147988993639,7.46656313873666,4.28730131146891,7.38832045455244,11.423080417332,17.8474089192092,11.423080417332,20.6942619259241,7.30536883040874,10.9820472546319
TST-10-R,56.1290512879973,-4.39077938468038,1.47712125471966,0.602059991327962,0.477121254719662,1.24303804868629,-6.1375,1,9.5,0.977723605288848,1.65991620006985,8.75717948717949,12.2415384615385,4.93268055116444E-18,1.43993377132224E-10,8.84645725617775E-05,4.10621817670369E-05,5.7934506049939E-07,5.08167414784068E-07,9.80792059161877E-05,0.471814988735236,5.59093638506518E-05,0.010625172516041,6.60634936940425E-06,0.003012391715342,0.008995914593553,0.296082301492858,0.006250579329485,0.179084377716094,4.1222947888338E-10,1.54704612997445E-07,8.9328652658664E-07,2.83252610927668E-06,5.84156687207695E-07,1.34459442790259E-06,0.022238578455063,3.95277011054635E-07,1.91182725756562E-06,0.000840288797901,3.5118701335556E-05,0.000720867225623,6.23028206645388E-08,2.9350675189646E-12,2.32883585721578E-08,4.23315079867411E-09,1.38151060962288E-12,1.30091215502549E-16,6.26497821050699E-11,1.43288976014033E-14,1.48386369096033E-11,1.19696685759329E-11,3.38958535521626E-09,1.29896678359137E-09,9.26423910549323E-17,2.38351043999439E-21,8.17817202685827E-27,1,>5%,EndGr25,Spring,111.707421322069,16.8618355191982,6.62503310026871,130.160839740257,17.7154317579537,7.36535677951514,128.203586065033,17.4951598437276,7.34863635572386,131.667289308343,17.7154317579537,7.42927121885543,129.737712160659,17.4951598437276,7.41410500592741,4.00599993192273,5.86896125784199,5.86849915912269,7.6963300772081,7.69614989415895,0.876109955470389,0.876109955470389,36.3152611035381,36.2247881113945,43.9793400344584,43.5071597440441,7.76209003227812,7.75563547187065,7.75563547174021,8.56166704478566,8.58276295935086,76.1859522967085,89.0039325481723,88.2847704523887,95.1316306647722,95.7277676009373,95.5492614069892,6.06708575596011,6.27144331370158,6.09697029684205,6.01309354403546,5.58662118882962,5.61021584649469,0.346672783814829,0.374687427889563,1.08230678658362,1.09405501187001,1.08376937328709,1.09555313752772,1.16816841987423,1.16216001779786,0.747613917408267,0.747581320401991,0.638479971286487,0.609978109921525,1.45596412596139,1.62432515461594,1.09357183605421,1.11457212021125,1.22057033169991,0.925928049449038,62.7859065515442,62.276329630271,66.0079517345222,68.9939659416828,89.0879900829281,97.6789706198616,80.3330126637137,74.10296073715,86.5934625349456,10.1061292889415,8.76574105359796,4.77067970252692,8.85384287481261,11.8019386894848,18.788124003218,11.8019386894848,24.0223257095366,7.56110623998757,12.7220486315453
TST-11-R,57.6085264050614,-3.33549772152897,1.64345267648619,1.43136376415899,1.17897694729317,1.39794000867204,-6.4,4,23,1.36172783601759,0.919078092376074,8.5672489100684,11.2060609393214,1.15110372010147E-09,9.04470408377428E-06,8.39089501034119E-07,0.007781002665003,3.5147852762947E-06,0.059027704992095,0.002430474799962,0.0056318152768,0.018232397530261,0.082678341698827,0.157584808014277,0.292667736014056,0.109490595355125,0.03547105819329,0.004235133992981,0.019912761111765,2.67244141841508E-05,0.004755249052429,0.04906204943499,0.004129542197936,0.000992955225176,0.016530187080163,0.118688615352177,0.002151511218497,8.68353227278038E-05,0.005958597644078,4.43405505050785E-06,0.001161270207468,4.37315325800378E-07,2.41350479801662E-14,2.38970997096444E-05,0.001270312803172,1.24786365520097E-07,2.76086456315146E-12,2.22051132724208E-08,9.54309209346734E-11,3.05564304924458E-09,3.57213825409531E-10,1.29940881109743E-09,4.00477347477266E-10,7.14378057713181E-14,2.72890501872826E-15,2.45902220734199E-27,1,>5%,EndGr32,Spring,129.027480287057,19.8291389265103,6.51128719987713,151.8812204789,21.4731478067885,7.09773134255165,147.840035580098,20.9588971262445,7.08104021323372,153.995079901249,21.4731478067885,7.18682138150309,150.045838771653,20.9588971262445,7.17795785903264,4.35672679430369,6.70641286708547,6.69463148006859,8.9880266421563,8.98065668946515,0.99203660740773,0.99203660740773,44.6077708557112,44.4663187659754,45.821824619472,44.513416559237,7.83879966323208,7.83107567757481,7.83107402516879,8.58007315681286,8.60505602907053,73.7758262149378,87.7433706699348,87.2933918626436,95.1060215409275,96.5631771603562,96.0860443268922,6.27351339599247,6.47315937099841,5.54412597328439,5.54350188542718,5.34408602998784,5.41340212908619,0.048826395397148,0.043729806962599,1.01510645725438,1.03816216681047,1.01741640596766,1.04062964818472,1.10966797337213,1.1253655572897,0.705947812280223,0.709205224905406,0.247680153900154,0.189404184223589,1.2835698129445,1.39947255377346,1.04120959367959,1.01808250159615,1.26378182113777,1.00240300895153,58.3172074393549,57.4794541032074,61.0318646220984,61.9986007263594,93.0323035960942,94.0174723465452,87.5871404344177,67.3491409212192,91.3584554845626,11.1462802791143,9.98788955547399,5.66821377757796,11.8257510809087,14.5306370366777,25.4606704998756,14.5306370366777,29.087305780672,9.10705864054372,16.4970419123079
TST-12-R,53.1761181687725,-4.05128226360786,2.20411998265592,0.806179973983887,1.07918124604762,1.44715803134222,-6.985,2,9.8,0.991226075692495,1.82412583391655,10.2243624018208,10.2983948513668,4.99748964060246E-14,2.34982644488114E-09,0.000276336358992,0.002295977046253,1.69841451223517E-05,0.00017194125754,6.819133666005E-06,0.019723533648381,0.006001901715232,0.006467425394986,0.000604001185385,0.000753794996495,0.001705912427142,0.037340947595816,0.013042729076204,0.489108289640147,2.62706790586612E-06,6.80260398962032E-06,8.81544055791542E-05,0.000107017801563,0.000128224789226,1.04134790590968E-06,4.75495172594865E-05,3.73270854719642E-05,0.337602792318887,0.052850292314909,0.000109096237036,2.16193068033307E-05,0.03148018630112,4.7735311384474E-14,1.70399205882919E-08,6.38599110997461E-07,2.0927918210115E-10,5.25539142848176E-12,1.11102443874179E-09,7.18596228273045E-13,7.91217673604126E-10,1.13490970964761E-10,8.35970314743171E-09,6.70132597010201E-09,1.10970160594654E-14,9.87552268129249E-16,1.29973926035161E-28,2,<5%,EndGr38,Spring,150.727448194837,22.6983407790633,6.63568876294653,178.689636490513,24.9819302118425,7.18853168397036,173.521937951402,24.3631536609154,7.15917251572396,182.52578392495,24.9819302118425,7.34269051330884,177.395744902522,24.3631536609154,7.31800093693385,4.25466924113578,6.50477311202175,6.50067496565031,8.7139401672448,8.71219385818311,0.979283979665958,0.979283979665958,39.9272252404716,39.7031344137283,45.1027659203893,44.1805363516511,7.82406439114934,7.82347305374615,7.82347305366375,8.63282708442101,8.67046837495464,74.3131863101274,87.5130464052182,87.4729833472355,93.4136601859318,94.1600312035814,93.9929804528114,6.2188210248502,6.43276326212485,5.58642160651255,5.5854596075684,5.34904764806613,5.42324813940624,0.211791112647366,0.225085608125084,0.994114835466155,1.00887586900533,0.994144474036263,1.00886311906972,1.11603650120894,1.12310552050118,0.671203266416189,0.687017013944982,0.38971440971012,0.328385518182219,1.3207941537085,1.45267641775104,0.993443678792195,0.988960009374012,1.20807326458772,0.980813077767339,58.5337422325656,57.6785923256713,62.0467528037636,60.534557773975,92.2831650923685,93.4936961486009,84.5533876805928,66.525531067776,89.7888074829269,10.7899620254987,10.0415287363161,5.9140796778197,13.0010891460373,16.4996818025903,30.0883507006106,16.4996818025903,33.8690957091378,9.30593280919958,17.9246039399253
TST-01-R,54.3059249293251,-0.553780334709806,1.77815125038364,1,0.806179973983887,1.33645973384853,-5.63775510204082,2,101.4,2.00603795499732,0.431363764158987,9.486258339646,11.9531393303016,9.35624929792625E-09,6.92587179612505E-07,1.05324205223325E-13,1.24332921134569E-06,3.49226125829981E-12,5.63026791383714E-06,8.8588703374323E-07,1.21781603024114E-05,0.000650372376423,1.01954779145616E-05,7.57338532793074E-05,0.001118373533654,1.98648311218688E-06,2.31121225675714E-07,1.13547470111629E-08,0.001282355364595,0.00023788563669,0.00037426176415,0.046130142725098,0.111632612860989,0.035469305236082,0.000918726933031,0.015013709878082,0.269136021055264,0.007355226915794,0.142875020244897,0.091394310828081,0.104596168139551,7.40990162616164E-05,5.90527916129994E-10,0.002351583050209,0.107588440128506,0.00055589708791,5.67320268488337E-06,0.03057303893261,0.002371867261716,0.017792433353634,0.008307836235278,0.000625693175817,0.001448658557919,1.14618650577989E-05,2.6167720910395E-08,4.28703855109191E-17,1,>5%,EndGr8,Summer,135.061497025123,22.5432279529753,5.98895378790023,156.464655217821,25.1806036086311,6.21666751036627,152.888380954464,24.6665819955171,6.20149935602789,158.106240811988,25.1806036086311,6.28047581052168,154.467377302963,24.6665819955171,6.26393808733668,4.97886044639521,7.36234835402064,7.35179510571144,10.2673506987148,10.2635463196318,0.968963205399136,0.971868886950052,44.8244755167025,44.3434551191068,45.716863306415,43.7200467836725,7.57487846757771,7.56294763254306,7.56295196971957,8.24403196621373,8.32428320199799,63.5201770016409,73.0818724383173,72.9060335854827,82.4090151674679,86.0241540973684,85.5362449821069,6.08041804090925,6.296188896901,4.54263570703899,4.57682155864455,4.70680675940478,4.80154968186894,-0.413728435405911,-0.433368832351251,0.349858398833785,0.428842707671071,0.361367106162091,0.440553162857086,0.793684942893362,0.816991620195843,0.381538698489313,0.403958635805039,0.280026321445627,0.19953303256223,0.916013043487925,0.958806560997577,0.822326524470724,0.743758684181492,0.962486786157553,0.729013848981769,42.0031150519568,41.0066092225868,45.9831822582113,43.6526357312835,91.5799794803633,95.7536256994044,77.869665899846,54.7886399689916,88.1984641208572,10.764277003124,10.1516774333142,7.03741452251749,14.9823979350388,18.494035803807,36.3089158173362,18.494035803807,36.0578670210737,11.5508235379561,20.919872800745
TST-02-R,53.178053491526,-1.67229122847342,2.15228834438306,0.778151250383644,0.778151250383644,1.02938377768521,-3.2125,4,194.6,2.28914283593233,0.698970004336019,9.74991538053931,12.562100878587,6.13846873480614E-16,4.20915210062973E-08,1.66347621120685E-14,6.61074711405754E-09,2.41776267366043E-12,7.19553641835785E-08,3.80469414791574E-08,3.09548127000462E-06,9.06470274004673E-06,4.6642336207293E-07,0.000151112303655,0.000153435792557,5.68232156911252E-07,3.24382993124951E-07,1.75477110906428E-07,2.72590521171161E-05,0.003558120699368,0.000551897736248,0.044156789809557,0.002777490374179,0.094785464726302,0.002091756051619,0.000645882423502,0.234877335772585,8.8592083300439E-05,0.024001387149101,0.038282740562491,0.019451379244058,8.21739464745464E-06,0.00282354906959,0.011049014052127,0.136109284031606,0.002508012190467,0.002852204329598,0.261390356619829,0.004723600680033,0.024469237765674,0.046029841720397,0.042317376272307,8.17678682095673E-05,2.27607261256502E-05,2.80092108924651E-07,1.00431992445681E-17,1,>5%,EndGr14,Summer,130.873407857314,22.9667093076572,5.68587776381761,150.104082972819,25.4316794461236,5.89542157698005,147.225771365427,24.972245221785,5.89035513952291,151.346831285105,25.4316794461236,5.94521232617385,148.410924059027,24.972245221785,5.93898571303796,5.09785730303809,7.31531870628566,7.30573607438008,10.2707641758322,10.265912069931,0.984020199495698,0.984560558811098,44.8077468333543,44.3576892932489,45.5828699561285,43.2812120147094,7.43029480355728,7.42097703329236,7.42110026573437,8.04300501496105,8.15257443023696,59.0305253394866,67.352833073055,66.9414996750323,77.8095617500453,82.3514286720334,81.9287198914413,5.98213949762848,6.18239053750101,4.45540868932086,4.49505660260617,4.62287054492715,4.71529647630425,-0.603609036091517,-0.670175303033444,0.177592712937563,0.265226036829247,0.19058363331658,0.27840182281456,0.663797170121632,0.674471424469569,0.198287151603629,0.227114728040614,0.100377751147434,0.016232109081438,0.726347690759093,0.703538061657715,0.721440189823333,0.569513604493418,0.871976909021868,0.645001410127738,37.4539063214627,37.2097605529884,42.1321742780772,41.9559694206467,92.7388748438087,93.7592209023471,80.8026889848252,53.0298235850599,89.5702011974948,10.5220387634839,9.95494557598518,6.64633629264259,14.5791105936509,18.4576809747723,37.3021500907922,18.4576809747723,34.600208642146,11.5947996939038,20.6707659516712
TST-03-R,50.877208228879,-4.49454029713352,2,0.230448921378274,0.146128035678238,0.89209460269048,-5.65594059405941,1,50,1.69897000433602,1.60205999132796,10.7608726934834,9.84847197072911,9.02552617405425E-15,2.63614915411653E-07,5.98886716112281E-10,2.58661652777237E-06,3.56567776271887E-11,2.20777617574883E-07,8.17171690287467E-05,0.001221822927903,2.82824118757624E-05,1.14074910081794E-05,9.1495314952924E-07,1.82603164195824E-05,0.000121061039405,1.33601319712911E-05,3.1512035801218E-07,0.029541791490434,0.00028817108944,1.38611562521587E-05,0.000121010078552,0.000821807420735,0.024630763264311,1.90940652970049E-06,0.000475145003012,8.1945366797415E-05,0.084968420270804,0.124431769517334,0.080093010460054,0.020702711409871,0.632243485846129,1.16336496786474E-06,4.02130744047197E-05,3.67013082700901E-05,2.13854335684853E-08,1.24112151906202E-10,5.65031276093472E-07,7.91155361745218E-11,5.1977577183464E-09,1.45573756468519E-08,3.85070289420123E-06,1.45018930126212E-06,1.04543261495637E-13,8.82614931095917E-18,1.61030853423199E-27,1,>5%,EndGr8,Summer,138.27795298788,21.7253414205753,6.35894193373332,167.368282808162,24.8787280538246,6.72119213071604,163.154822939668,24.367302036777,6.69311420363142,169.559720867779,24.8787280538246,6.80321973428322,165.388965059789,24.367302036777,6.77858925854398,4.64778151027368,7.02237243317888,7.01923272133281,9.74293197816176,9.74242948312175,0.955365799097969,0.955940920420935,40.0509097325986,39.9040789711676,44.4421142673413,43.0452808551046,7.78245746997597,7.77608221089385,7.77606903763263,8.57542641876026,8.64738244803302,71.2410278617731,82.4828837000483,82.5019373095216,86.7824639412296,89.6609194132549,89.4076028390952,6.17990133384775,6.40350696093868,4.66891357679061,4.69744959734794,4.81343260224825,4.90772221966298,0.024607444520529,-0.059320637758474,0.678383824938049,0.707943946470009,0.679024030021977,0.708548329368211,0.999602543461068,1.01883324808494,0.508737212441516,0.515676851199946,0.606053812429571,0.498600211467583,1.26700251360001,1.47512181885152,0.972446423664517,0.996449727064987,1.09764671182459,0.870904346986569,44.8803499669272,43.7552613151296,48.4708525763935,41.9304656917652,90.1221967103979,94.1765363851224,72.5895063096796,50.1948051593586,87.5432851992142,11.3693642253415,10.0298777225527,6.39813169720402,14.1245135911795,17.7067034122519,34.3209929585531,17.7067034122519,35.7590792529366,10.069199732648,19.2709612166667
TST-04-R,52.8306027217763,-1.93019888397528,1.98677173426624,1.43136376415899,1,0.939519252618618,-2.8,3,164,2.2148438480477,0.255272505103306,9.59049139356395,12.650149346575,3.43071813485603E-17,8.97513393714875E-10,2.77535314303693E-16,2.05367678017377E-09,1.22641288133078E-13,9.82058637153512E-09,5.3636245503914E-09,8.09846748157781E-09,1.27626985300606E-07,1.70746840497304E-09,1.08092740374328E-05,8.36782104008938E-05,6.44070565485655E-08,1.96060925100817E-08,2.08558420804098E-09,1.54574843846517E-06,0.0006464710346,4.28376835539185E-05,0.001714045062927,0.010747386042624,0.056231853890226,0.001410734860773,0.001183602644463,0.086377159043872,8.59958418602847E-05,0.002063809337093,6.15490596949058E-05,0.001838714925055,3.87172317267956E-08,2.59849999492285E-11,0.014161810328076,0.24905859105099,0.001594600539293,3.92696924113888E-05,0.563914557163762,0.000895201488797,0.00259262018767,0.00460348926195,0.000506071601971,0.000132012395064,1.30095913984107E-06,2.26086140217389E-09,1.86015002760765E-16,1,>5%,EndGr37,Summer,128.275214477128,23.1146077787744,5.51865569071434,145.092810522761,25.3545089478234,5.69242865520725,142.80913075928,24.9413748341871,5.69838126754027,146.237088175282,25.3545089478234,5.7416102370819,143.886709334783,24.9413748341871,5.74599355734989,5.18163647705258,7.26479834714819,7.25281016109294,10.229822724281,10.220796409126,0.995865002079586,0.995916081580204,42.7977561826994,42.5581656722948,45.4133534503193,42.8421942154616,7.38561077919498,7.37328709538891,7.37329700515679,7.96257200410995,8.11107899021395,56.8828592454005,65.3073753521049,64.4193083139762,76.6876718627564,81.8782735397487,81.488975759166,5.97640132300317,6.17593171595838,4.42746261005687,4.45057884359896,4.60496556594609,4.68773723328041,-0.691809100134729,-0.834615307731007,0.073858953583528,0.182487756186726,0.08542118469635,0.194245484654322,0.615639262701653,0.617191316735516,0.132209778775103,0.172239999563539,-0.042839351524208,-0.127671206146,0.605901133464888,0.560526966235739,0.665724610622983,0.472072562418564,0.880249352972567,0.660068570036503,34.9955286268703,35.1737534775966,40.2088172272279,40.1641609327316,92.7645586629695,91.1449417584984,81.3075362855006,49.7736242955248,90.0456612614486,10.0083462267042,9.56035143344116,6.48211606728113,14.642663533463,18.4932051992766,38.2791475588281,18.4932051992766,34.6186048179843,11.6242713717955,20.7340463897302
TST-05-R,51.9101988165427,0.791418939978073,1.17609125905568,1.44715803134222,0.819543935541869,1.15836249209525,-3.37,3,217.7,2.33785842904109,0.113943352306837,10.0983847589,13.669552395552,1.68462614445163E-19,6.33784697685021E-17,1.45540937424894E-23,7.91375269459051E-16,6.74732283270574E-21,1.72292636421722E-16,4.80719217309444E-15,2.06036043954573E-15,2.28293624061885E-14,9.19002361190174E-17,3.32215047353288E-13,4.20403179328991E-11,2.7426792559243E-15,1.0718659390205E-16,1.56082244805831E-17,1.1719001820842E-12,9.89153925038775E-09,1.340461906504E-10,7.45020117947767E-08,7.02761943379522E-08,1.58260935871085E-06,1.03112106417106E-09,7.530245145611E-09,0.000133910923601,5.37860270045801E-09,6.93386640157882E-08,1.48617022357962E-06,2.81756267363593E-07,6.1210753056739E-11,5.29057673031402E-12,8.47711310633146E-07,4.81250643599507E-05,3.69503530522895E-05,0.00477874227769,0.091469789997254,0.362350666573056,0.194250335067881,0.341783622258015,0.000830797325759,0.000179089365616,0.004130688766651,2.84553531550808E-06,5.20855553710575E-11,1,>5%,EndGr20,Summer,130.881165245895,25.2666206173329,5.1517353593547,145.428015520755,27.835521656626,5.21022665823665,143.742878710675,27.3020171167501,5.25113712811019,143.938919004174,27.835521656626,5.15992508540814,142.235861523186,27.3020171167501,5.19940731803812,5.33772684175342,7.07361951159573,7.06812418168533,10.0560553196315,10.0529367304846,0.999993766337244,0.999993774164432,30.831161910077,30.6415061408662,46.2840800328503,43.0274206168565,6.87925268764237,6.85659086466564,6.85740779751439,7.31621760929193,7.48401308187428,45.0052501750454,46.8182174017252,46.7338404490867,62.9789220531386,65.5686647066651,65.3528962621575,5.61623789738506,5.80238753761005,4.21465259115984,4.24003506272863,4.35823938797908,4.43759166351471,-0.797565017472869,-0.929591959476834,-0.422409880831476,-0.311621373724465,-0.406793644612008,-0.292011631266192,0.23568270700273,0.232633444665583,-0.318062477095416,-0.251682854972816,-0.153354916941531,-0.259839922718462,0.132238612825639,-0.242117199195814,0.536685786670614,0.244132226218893,0.670401746435447,0.435440698157565,29.1624724675113,30.7380842289696,36.3157743363158,37.1664805622329,94.511449480496,94.5701579348513,85.5502468669907,45.6643908962721,92.8023406022727,11.3836698200589,10.868763221159,5.66752532648544,12.5197328082469,18.8544020970253,38.9241457684437,18.8544020970253,29.4116831615836,11.1835747350441,18.3020531528768
TST-06-R,50.893935657628,-1.89615445263576,1.57978359661681,0.255272505103306,0.255272505103306,1.15228834438306,2.9950495049505,1,178,2.25042000230889,0.740362689494244,10.5580483909605,12.4957512203979,2.20032496755844E-24,3.40817919003955E-14,2.1014910673179E-21,1.20700343782688E-15,9.95149718500583E-21,7.26783356368465E-16,1.20066921151004E-12,4.05605584393677E-12,5.21269903280179E-12,1.16186932092011E-14,4.2683707432923E-14,3.86295030959435E-12,1.32618578004543E-13,3.99421078205389E-15,1.13352040737612E-15,1.36260481736855E-10,4.71612057318471E-10,7.29980856615651E-12,1.37456474949033E-09,4.70255883045264E-08,3.23997544631531E-07,1.47755514141025E-11,1.39263540798685E-08,1.94016513899152E-06,3.30964175192598E-08,2.7262723430741E-06,0.00227443158647,2.90289474384354E-06,9.48623905991636E-07,0.000789160325006,1.86462671844488E-06,8.48395032833706E-08,5.33247456113264E-07,7.45709172881391E-05,0.001103294630222,0.000246821870678,0.004637998634476,0.03941332016484,0.893336875364316,0.05680672226099,0.001305315652379,6.39695319742718E-08,3.88901454303109E-09,1,>5%,EndGr14,Summer,111.454471295155,21.2129356036953,5.21354953659225,128.919740426166,23.8803264506001,5.37986433999127,128.35875759199,23.6643718509018,5.40295876147676,128.309601731479,23.8803264506001,5.35124495031566,127.503623655575,23.6643718509018,5.36243231069239,5.26779318050522,7.32875622243693,7.32854713481321,10.524652120076,10.5249725903364,0.999779582505337,0.999779663147753,50.7479718226145,50.1339524011388,45.8587087984094,43.8773548553539,7.01059944170712,6.99418233863431,6.99427810587911,7.49757892313395,7.6501688573899,47.200532601899,49.099332434132,50.7595138902212,58.7106947036594,64.1632818687671,63.7874578166465,5.58652229359743,5.73612525851959,4.16796400756811,4.21549404302159,4.32137146684829,4.40056211538452,-0.922475443985385,-0.975105982453842,-0.21958002435572,-0.154541907096381,-0.216575401653773,-0.151520847267621,0.486575181494801,0.514798416883398,-0.446951156404236,-0.425167603488406,0.121205303417478,-0.005698424884404,0.669676999686839,0.473196968193621,0.567617504219093,0.243058737322837,0.347670991873309,0.067736047926923,27.6897723098879,28.4001284715804,32.9299465142399,32.6236975564354,95.5099928431716,96.8343754437817,79.7928786592329,49.3192721019238,92.5961884635299,8.45713553530978,7.98033697332145,5.43820910843208,11.0090479050144,17.0294368265637,33.9384053096889,17.0294368265637,26.9941991416326,10.6730393623249,16.4216395269498
TST-07-R,52.5472207306573,0.364094893981812,0,1.83884909073726,1.60205999132796,2.30102999566398,7.4375,7,237.3,2.37529773821734,-0.698970004336019,9.64487082195775,13.5841805945221,1.56791298838854E-38,7.67102864282738E-30,9.30980124547201E-40,1.14800806360064E-32,1.40463269592502E-35,1.6943976058158E-30,6.94435360276377E-29,2.23404699174122E-31,3.76142344172086E-26,1.54538080129496E-30,2.61282973631376E-27,2.91384064478574E-25,5.89058864995253E-29,2.04747835826757E-32,1.16198704759452E-31,9.36121545415677E-29,4.35737768413103E-21,4.2013497547167E-22,5.01473812424383E-21,5.96208872781579E-20,1.84826999427744E-21,7.0289096015621E-22,2.97296160603293E-23,4.99757083793209E-19,6.10803531732309E-23,5.36835326148493E-23,2.17370602873058E-19,5.85747622411661E-24,5.55315188629461E-26,9.34211547622857E-23,4.62193367351816E-16,6.3236468134824E-17,1.54136627407296E-13,5.67321450823978E-08,3.84377354380717E-12,1.45375414102957E-07,1.35167176054789E-09,5.16279862581428E-10,6.33620273864271E-11,6.44852039925683E-12,0.000675224601487,3.25276969095188E-06,0.999321318579502,1,>5%,EndGr42,Summer,116.229949192619,25.6142519648014,4.51561276149901,122.614058099705,28.9980172467853,4.21756247556333,119.129576610048,27.3060483753786,4.35459523456069,116.114836574429,28.9980172467853,4.00095335879877,113.007114819113,27.3060483753786,4.13791377394329,5.65876395780661,6.75531259477648,6.75531259224795,9.45151301006704,9.45151300941743,0.961566102087432,0.961566102087432,8.47746800118684,8.40550782103964,51.3071613858107,47.3327998894245,5.78247275534474,5.57917368319747,5.57917376207837,5.63915737795292,5.63914241145359,12.947347276825,4.90481110124446,4.84165654131231,20.5794703103223,9.4906439172801,9.44449478527647,4.6913642005662,4.62897039612128,4.19621129112828,4.26126324712684,4.02496300085696,4.04000387822765,-1.17153181138144,-1.17737920965476,-1.64790752315877,-1.46100688813497,-1.64790463185979,-1.46100341883948,-0.865609746512698,-0.844635978564375,-1.47588971007878,-1.49123840669687,-0.769114870863501,-0.723083271338577,-1.14029704502016,-1.12609014361329,-0.126092776082503,-0.57071225149612,-0.776914377639633,-0.874426210885208,16.1635676042927,19.0964708235908,21.5555408968881,13.8040771340296,99.5037796340975,98.8686443538073,96.6704623799962,27.520294093373,98.9057322993888,12.6193118048558,12.4736987361868,3.30816211931445,6.76993611864133,15.1546795435242,34.4610098843076,15.1546795435242,9.23563787404736,8.23161068440539,10.4630256136983
TST-08-R,60.0434248664715,-1.21731389657521,0.698970004336019,0.819543935541869,0.556302500767287,1.07918124604762,-6.535,1,17.5,1.24303804868629,1.06069784035361,7.53,8.88,0.999992317718904,7.6451094893803E-06,4.87710542345578E-11,3.55196326655307E-08,9.72516738226477E-12,7.41305381853755E-10,1.42655027384678E-11,5.80019769330414E-11,1.60065484481083E-12,3.50474304712155E-10,2.17415138246064E-13,1.49419075001625E-12,3.96536126896754E-10,4.61222655581888E-12,1.66398673139824E-12,8.92924308264938E-13,7.41671226112674E-18,1.90618564967013E-15,8.62271667939306E-13,9.90961755835447E-13,3.099734026871E-15,3.3351335361983E-14,1.65203948195315E-11,2.65725739704266E-17,4.90575324075969E-15,1.1493996084813E-15,7.6894685481254E-15,3.9718801873212E-12,1.45051114335055E-16,6.97057793660935E-22,3.98000432279782E-17,1.5086832625312E-14,5.23260971174606E-23,1.82423114766201E-25,7.83911865856778E-20,4.21031780026745E-21,1.58788331511359E-20,6.57350689376068E-20,3.15153597366348E-20,1.12430096568433E-20,4.43784468367194E-25,4.9313735549469E-32,1.43181383613313E-36,1,>5%,EndGr38,Summer,43.7782070466001,10.1111684418825,4.31233991948158,57.8449152393556,11.11117608699,5.20678658723739,56.9226952683838,11.1111753916301,5.12256711824074,57.2226939029637,11.11117608699,5.1508966337837,56.3004742091599,11.1111753916301,5.06633717920481,4.96421925291525,7.25366468049745,7.25366468049705,9.90377282488548,9.90377282488558,0.999999999974217,0.999999999974328,41.3175306951381,37.9357752153751,46.7044260329399,43.8477757257063,7.04933232278476,7.04933227553785,7.04933227553785,7.90556028166413,7.90522054148319,60.2565585839248,76.0530938990356,67.1041417773481,82.3639026462991,92.242196562478,88.1316649256954,5.32044463574258,5.685783741356,5.19388790797309,5.13032849509619,4.81222042591653,4.9034404506804,-1.51455341764685,-1.57010333374713,-0.615662104781821,0.10711298067629,-0.615662104779064,0.107112980680349,-0.03610415272904,0.379783823372532,-0.840553647281358,-0.831323718141924,-0.391557960245925,-0.686436144956005,0.933890234638836,1.09677965901924,0.8774384437162,0.622219329543438,0.713670999249792,0.120673363423357,28.5253082057268,28.4736411657366,34.5798477716633,43.3181168934079,99.9697535600855,95.8878929734778,99.3893640198221,37.0982055882199,99.9170679879446,3.13935685773505,3.07313588903523,2.55558088887611,4.33336793010577,9.55560106738858,15.0000801364123,9.55560106738858,16.5556297212813,6.22224550676988,8.4444889045874
TST-09-R,55.7172164125137,-6.23063405422065,1.66275783168157,0.929418925714293,0.656098202012832,1.30102999566398,-6.265,3,3,0.477121254719662,1.05690485133647,9.42718770450423,9.09075220163416,1.9738877750842E-12,8.73776106844026E-09,0.4628262440013,0.187038515913822,0.332493457587043,0.000919596587205,0.000182337886395,0.002572019003406,3.59168844641548E-05,0.000571210330912,4.13704590116882E-06,7.77896677010376E-06,0.004032849914136,0.006647485505006,0.002619864196854,1.82858827404309E-05,1.76146626012295E-09,8.00353350005223E-09,4.6807044822976E-08,4.70875786709158E-08,9.6507955036088E-08,2.28541985325021E-09,1.19307651630231E-07,9.12219612745632E-10,1.90722110187244E-05,4.41808559234285E-07,1.10873702192263E-08,7.50193840079642E-08,1.03677229028183E-05,2.48365553603567E-16,4.37523226765003E-10,5.942459118901E-10,6.54427719219228E-14,3.79565006614442E-17,1.40425692929366E-13,7.27640636772104E-17,1.33217343506913E-14,1.14044124884006E-14,1.81320773797343E-13,2.40826631103873E-14,6.11872138174013E-20,8.42989880722403E-23,6.01518684086424E-34,1,>5%,EndGr32,Summer,75.0011414136256,13.1384511361292,5.63905273239134,89.7453265191826,14.0408609165636,6.34692012686795,89.4490695444125,14.0382964559038,6.32846552418961,87.6294244098226,14.0408609165636,6.19522666715194,87.3042916583036,14.0382964559038,6.17465788000747,4.44174598914969,6.21360348413052,6.21360279535659,8.37873229171572,8.37873204641943,0.978770936514937,0.978770938598976,9.14763440855605,8.59118104186079,43.5129743175888,40.2044615534173,7.735492611726,7.73541330825335,7.73541330801801,8.35355599038157,8.41856705026304,75.8575535378629,91.8527351578703,87.481497165691,93.8017252421386,98.1810012857147,95.5052998963584,5.94037057472171,6.30114015915266,5.33436038365576,5.22542728970366,5.10836900508713,5.17234692676369,-0.219932789828292,-0.217201522392462,0.693580759352408,0.987154584242076,0.693582381834125,0.987157917286025,0.78080160023104,0.950688700276354,0.389858357957805,0.513214689468098,0.483758667937681,0.490083888143206,1.3560133339866,1.4630544842293,1.05950831258201,1.0881570689394,1.15318039480108,0.797059152306923,43.1067211284571,41.4404756885809,46.4385468460773,29.7226848134454,98.0873773104148,83.2654885388479,92.8058412218459,30.8420400515137,97.9356956061189,7.06046363517144,6.15559795602358,4.62102781037807,7.72792381869935,11.8955087604391,19.2340859709316,11.8955087604391,21.090188950132,7.8124714558584,11.6060779583317
TST-10-R,56.1290512879973,-4.39077938468038,1.47712125471966,0.602059991327962,0.477121254719662,1.24303804868629,-6.1375,1,9.5,0.977723605288848,1.65991620006985,8.75717948717949,12.2415384615385,4.93268055116444E-18,1.43993377132224E-10,8.84645725617775E-05,4.10621817670369E-05,5.7934506049939E-07,5.08167414784068E-07,9.80792059161877E-05,0.471814988735236,5.59093638506518E-05,0.010625172516041,6.60634936940425E-06,0.003012391715342,0.008995914593553,0.296082301492858,0.006250579329485,0.179084377716094,4.1222947888338E-10,1.54704612997445E-07,8.9328652658664E-07,2.83252610927668E-06,5.84156687207695E-07,1.34459442790259E-06,0.022238578455063,3.95277011054635E-07,1.91182725756562E-06,0.000840288797901,3.5118701335556E-05,0.000720867225623,6.23028206645388E-08,2.9350675189646E-12,2.32883585721578E-08,4.23315079867411E-09,1.38151060962288E-12,1.30091215502549E-16,6.26497821050699E-11,1.43288976014033E-14,1.48386369096033E-11,1.19696685759329E-11,3.38958535521626E-09,1.29896678359137E-09,9.26423910549323E-17,2.38351043999439E-21,8.17817202685827E-27,1,>5%,EndGr25,Summer,101.516283430943,16.1908012383505,6.25007016508486,117.6079301174,17.1713080614859,6.84057042757226,116.445734465102,17.0404394567899,6.82718192781515,117.413434549069,17.1713080614859,6.81645191778189,116.292501338881,17.0404394567899,6.80582847875628,4.53958397707248,6.61612650558222,6.61564552973328,8.79077745554797,8.79097796429064,0.964567475898174,0.964587501589702,27.5734044752179,27.2943099528646,43.4333264521917,42.1657629681546,7.72681453792353,7.72049894730732,7.72049850938041,8.42093265528344,8.44172251387659,74.8680087259581,89.403272055303,88.8420253572592,93.6710795693534,96.3138266359697,96.1099614180824,6.02391649364441,6.31999729427327,5.189524742714,5.07700244693824,5.05517995738885,5.09453256815639,0.135959582434891,0.148229571317437,1.00272882874857,1.0154952049812,1.00249949625808,1.01526581442506,0.957170606848463,0.960292171633041,0.684667141883431,0.695609479065937,0.568366888481422,0.533033078887759,1.38960874457633,1.63384906435142,1.05963700174479,1.05165497286483,1.17717075702683,0.887668244338284,51.4063616397271,52.1549776623981,56.826696473013,48.4137013737611,92.6873120797866,97.7722474289224,83.7097720106486,50.4040716282188,91.8181684306932,11.9733257931766,11.482563976128,5.54806328402152,9.85269644841823,13.1006402992524,21.8258989768327,13.1006402992524,25.6727377420447,8.53833239722613,14.1348971754293
TST-11-R,57.6085264050614,-3.33549772152897,1.64345267648619,1.43136376415899,1.17897694729317,1.39794000867204,-6.4,4,23,1.36172783601759,0.919078092376074,8.5672489100684,11.2060609393214,1.15110372010147E-09,9.04470408377428E-06,8.39089501034119E-07,0.007781002665003,3.5147852762947E-06,0.059027704992095,0.002430474799962,0.0056318152768,0.018232397530261,0.082678341698827,0.157584808014277,0.292667736014056,0.109490595355125,0.03547105819329,0.004235133992981,0.019912761111765,2.67244141841508E-05,0.004755249052429,0.04906204943499,0.004129542197936,0.000992955225176,0.016530187080163,0.118688615352177,0.002151511218497,8.68353227278038E-05,0.005958597644078,4.43405505050785E-06,0.001161270207468,4.37315325800378E-07,2.41350479801662E-14,2.38970997096444E-05,0.001270312803172,1.24786365520097E-07,2.76086456315146E-12,2.22051132724208E-08,9.54309209346734E-11,3.05564304924458E-09,3.57213825409531E-10,1.29940881109743E-09,4.00477347477266E-10,7.14378057713181E-14,2.72890501872826E-15,2.45902220734199E-27,1,>5%,EndGr32,Summer,116.697049670184,18.9376912815476,6.1616270872397,137.041976029217,20.6569276954743,6.65199023657844,133.198708803615,20.1915415561965,6.61695398346707,137.748293270666,20.6569276954743,6.67532632184244,133.948230131949,20.1915415561965,6.64485392310451,4.77264524046744,7.17046209707857,7.15686371194831,9.71944719135185,9.71811573308964,0.994241544836245,0.994273804922608,33.7021171741993,33.4463033920246,45.2269134583198,42.7497175341449,7.82671032894132,7.82589787987846,7.82589460571011,8.4415077575957,8.46928030666834,72.4151261234883,84.2599648754321,83.9637225678001,93.3782333248557,95.4064060394025,94.7708759897864,6.08457796989462,6.34824401542355,4.99876367243513,4.98799141243655,4.96780096079409,5.05375672477706,-0.198004129676259,-0.242393748860276,0.777897911303926,0.845216640734581,0.779946680902451,0.847439609901562,0.857915048339274,0.8725942351768,0.626888465962443,0.644999070137522,0.30396776139011,0.226435011144908,1.19484854204106,1.28106553897707,1.05685400615112,1.05547194471585,1.20760334577375,0.939847826878998,49.6020733797918,48.4492493697112,52.8737503743338,44.5447794122061,91.8358793311259,94.121105521077,80.7487569247674,48.7156358726422,90.009148246442,10.6706477240648,9.62745703056173,6.03266736907794,12.1973033455556,15.4728135700506,27.7194713135053,15.4728135700506,30.5485593861008,9.81300712465891,17.2048157748155
TST-12-R,53.1761181687725,-4.05128226360786,2.20411998265592,0.806179973983887,1.07918124604762,1.44715803134222,-6.985,2,9.8,0.991226075692495,1.82412583391655,10.2243624018208,10.2983948513668,4.99748964060246E-14,2.34982644488114E-09,0.000276336358992,0.002295977046253,1.69841451223517E-05,0.00017194125754,6.819133666005E-06,0.019723533648381,0.006001901715232,0.006467425394986,0.000604001185385,0.000753794996495,0.001705912427142,0.037340947595816,0.013042729076204,0.489108289640147,2.62706790586612E-06,6.80260398962032E-06,8.81544055791542E-05,0.000107017801563,0.000128224789226,1.04134790590968E-06,4.75495172594865E-05,3.73270854719642E-05,0.337602792318887,0.052850292314909,0.000109096237036,2.16193068033307E-05,0.03148018630112,4.7735311384474E-14,1.70399205882919E-08,6.38599110997461E-07,2.0927918210115E-10,5.25539142848176E-12,1.11102443874179E-09,7.18596228273045E-13,7.91217673604126E-10,1.13490970964761E-10,8.35970314743171E-09,6.70132597010201E-09,1.10970160594654E-14,9.87552268129249E-16,1.29973926035161E-28,2,<5%,EndGr38,Summer,132.166064032055,20.8257545837801,6.33744990193844,158.203507437056,23.3735739912235,6.78168374919926,153.906892154593,22.8614718069466,6.7480080577118,160.158721440618,23.3735739912235,6.85982121877504,156.014310611832,22.8614718069466,6.83403085773882,4.65220366206505,7.09236603329301,7.08783898876832,9.63346438677733,9.63160517461792,0.982249054320054,0.982249654904397,32.745743119333,32.517119968415,44.859031665282,43.3696190778173,7.77251869255669,7.77478620700974,7.77475721462564,8.5349878400597,8.57005168566289,72.1758157202177,86.2928010573822,86.0284670026311,91.3404556288918,94.3361135646457,93.8912194529083,6.10751487481309,6.3585727588315,5.0237991693912,4.99099767422988,4.99007060715394,5.05904762255772,0.148537993956598,0.110139373926472,0.937047866299107,0.969875877897466,0.93726663603266,0.970098178374067,1.01252765928052,1.02561931704197,0.728663245400161,0.744829155828604,0.476217974936654,0.351120627022836,1.28510517469712,1.47732494381843,1.04213847785876,1.05748573289347,1.19049955813539,0.91956589661168,49.8641376000195,48.0587450290074,53.5313770934557,44.0088431036907,89.5321449984182,95.684574728873,72.9695776509889,48.6081081680619,87.3180771553062,11.9415170440628,11.1237357155953,6.50798353982783,13.3453053534307,16.9318243920229,31.3888519262581,16.9318243920229,34.0411459656929,10.1370725678423,18.5719080923276
TST-01-R,54.3059249293251,-0.553780334709806,1.77815125038364,1,0.806179973983887,1.33645973384853,-5.63775510204082,2,101.4,2.00603795499732,0.431363764158987,9.486258339646,11.9531393303016,9.35624929792625E-09,6.92587179612505E-07,1.05324205223325E-13,1.24332921134569E-06,3.49226125829981E-12,5.63026791383714E-06,8.8588703374323E-07,1.21781603024114E-05,0.000650372376423,1.01954779145616E-05,7.57338532793074E-05,0.001118373533654,1.98648311218688E-06,2.31121225675714E-07,1.13547470111629E-08,0.001282355364595,0.00023788563669,0.00037426176415,0.046130142725098,0.111632612860989,0.035469305236082,0.000918726933031,0.015013709878082,0.269136021055264,0.007355226915794,0.142875020244897,0.091394310828081,0.104596168139551,7.40990162616164E-05,5.90527916129994E-10,0.002351583050209,0.107588440128506,0.00055589708791,5.67320268488337E-06,0.03057303893261,0.002371867261716,0.017792433353634,0.008307836235278,0.000625693175817,0.001448658557919,1.14618650577989E-05,2.6167720910395E-08,4.28703855109191E-17,1,>5%,EndGr8,Autumn,145.318908863426,24.3828951531013,5.93251634560106,169.714089117441,26.9647379748609,6.28346673355456,165.751576664622,26.4207810652926,6.26427654339716,171.2777217985,26.9647379748609,6.34146345665055,167.452939249786,26.4207810652926,6.3293275159997,4.85254857771507,6.98899080933777,6.97269271905704,9.70318808869619,9.69781529598909,0.983377519825278,0.983377519835824,48.3283536535402,47.8313291110662,45.7604340565628,44.0217466330495,7.45510003220388,7.44799285783808,7.44837580085744,8.1999557532942,8.28939183859382,61.3700895896031,71.4273453081194,72.0175981231897,82.279160985989,86.9185682088631,86.3814821086137,6.07912526018041,6.22704357405163,4.78989927091717,4.80167637660839,4.84710018015546,4.90542487856334,-0.305274834628493,-0.328593366905519,0.459711536167909,0.522508557673881,0.47172347701845,0.53440452925952,0.828916828091515,0.847903299046154,0.402255144593822,0.426415777360972,0.19649297732339,0.107033326829579,0.838640678508501,0.878380499222727,0.827772385662213,0.771068058549703,0.952187681868437,0.665986061215814,41.3725444241983,39.8495564471588,43.3495778100296,45.1679421972592,95.7722927431181,90.2126796802133,90.0227367161864,59.6044688896595,93.8801421327471,11.5801676426699,11.3014219644538,6.40736222165528,13.4479223436464,18.8495096407097,36.2720125481393,18.8495096407097,35.5361389398161,11.128649441122,19.2443619037835
TST-02-R,53.178053491526,-1.67229122847342,2.15228834438306,0.778151250383644,0.778151250383644,1.02938377768521,-3.2125,4,194.6,2.28914283593233,0.698970004336019,9.74991538053931,12.562100878587,6.13846873480614E-16,4.20915210062973E-08,1.66347621120685E-14,6.61074711405754E-09,2.41776267366043E-12,7.19553641835785E-08,3.80469414791574E-08,3.09548127000462E-06,9.06470274004673E-06,4.6642336207293E-07,0.000151112303655,0.000153435792557,5.68232156911252E-07,3.24382993124951E-07,1.75477110906428E-07,2.72590521171161E-05,0.003558120699368,0.000551897736248,0.044156789809557,0.002777490374179,0.094785464726302,0.002091756051619,0.000645882423502,0.234877335772585,8.8592083300439E-05,0.024001387149101,0.038282740562491,0.019451379244058,8.21739464745464E-06,0.00282354906959,0.011049014052127,0.136109284031606,0.002508012190467,0.002852204329598,0.261390356619829,0.004723600680033,0.024469237765674,0.046029841720397,0.042317376272307,8.17678682095673E-05,2.27607261256502E-05,2.80092108924651E-07,1.00431992445681E-17,1,>5%,EndGr14,Autumn,140.183616428797,24.7342892745928,5.62036991015853,163.240594969783,27.3815219992655,5.92033588410256,159.72236727564,26.8488784385304,5.91049329820589,164.022261211618,27.3815219992655,5.94711235039439,160.588229760558,26.8488784385304,5.94101102243714,5.01744633960826,7.11219165763745,7.09325364688822,9.97639909725691,9.97145352294404,0.985325585913053,0.985376014499436,47.5245122500354,47.0874442653153,46.0146635709117,43.9084362736889,7.27784612560093,7.2682822060908,7.26844261994677,7.96576058777543,8.08924179509745,55.9710681382894,63.5104792329874,64.2523438548454,76.369247228996,81.6240036123895,81.2486144043423,6.01091671054481,6.16338115618025,4.61547884834193,4.63872883588769,4.7240699107473,4.79048754051464,-0.539459663457719,-0.587137577759907,0.196648889893091,0.281856501555121,0.211117697933181,0.296510050182326,0.678127676781891,0.686539253818181,0.187613624199724,0.232364562776942,0.054147873664092,-0.035561776596355,0.604704357047426,0.581179356555281,0.734922275375508,0.630580155773605,0.849355988707534,0.58993924009064,35.4908204935786,34.4368051174789,38.0549036887165,40.2807469301373,97.1718806453196,86.4207725434313,92.2400490183872,54.531734438815,95.4838234387147,10.546970446205,10.194196376648,6.13280980303534,12.9551549370786,18.90481810988,37.3142544354861,18.90481810988,33.775670674347,11.1992596276924,18.9949424353306
TST-03-R,50.877208228879,-4.49454029713352,2,0.230448921378274,0.146128035678238,0.89209460269048,-5.65594059405941,1,50,1.69897000433602,1.60205999132796,10.7608726934834,9.84847197072911,9.02552617405425E-15,2.63614915411653E-07,5.98886716112281E-10,2.58661652777237E-06,3.56567776271887E-11,2.20777617574883E-07,8.17171690287467E-05,0.001221822927903,2.82824118757624E-05,1.14074910081794E-05,9.1495314952924E-07,1.82603164195824E-05,0.000121061039405,1.33601319712911E-05,3.1512035801218E-07,0.029541791490434,0.00028817108944,1.38611562521587E-05,0.000121010078552,0.000821807420735,0.024630763264311,1.90940652970049E-06,0.000475145003012,8.1945366797415E-05,0.084968420270804,0.124431769517334,0.080093010460054,0.020702711409871,0.632243485846129,1.16336496786474E-06,4.02130744047197E-05,3.67013082700901E-05,2.13854335684853E-08,1.24112151906202E-10,5.65031276093472E-07,7.91155361745218E-11,5.1977577183464E-09,1.45573756468519E-08,3.85070289420123E-06,1.45018930126212E-06,1.04543261495637E-13,8.82614931095917E-18,1.61030853423199E-27,1,>5%,EndGr8,Autumn,140.866286390808,22.9376416099836,6.12405938335253,170.153921747741,25.6855691506847,6.61917150990848,165.778293958206,25.1915471075746,6.57492223921438,172.335824491776,25.6855691506847,6.70447854199006,168.020630429014,25.1915471075746,6.66457779098679,4.6435605569696,6.92639771950697,6.92266068012112,9.50802282927047,9.50655901047108,0.995496359823512,0.995496380601211,43.0015918425496,42.144815031396,43.8293085783413,42.3193487479977,7.59343235681237,7.58073853230343,7.58107412201725,8.3989027860824,8.5181902441583,67.0941618145319,80.0750304924059,80.3064070334698,84.9472939273196,89.7236976472789,88.8768288558742,6.10652335203061,6.28597670206063,4.84999698983992,4.82701679311713,4.89085003179251,4.94045911599606,-0.055331085664319,-0.103494481587947,0.71736610644245,0.780346825734635,0.718648071896403,0.781605480771591,1.00906400844428,1.05225813571051,0.487637846292935,0.50665019151768,0.371206166355846,0.299914756773348,1.26119129020275,1.41465781699867,0.951035059417325,0.94978013840803,1.03897917968966,0.718079556162843,40.3383332381444,38.569032780115,42.4553936892917,39.3288488564157,94.6707497023786,88.7437724767653,83.6095542694693,50.5655069906291,92.0509210527623,11.6142141235972,11.3001243728534,6.10164728080803,12.0383608846288,18.668138596174,33.2854559599973,18.668138596174,36.393249581191,10.2549826617575,17.8878897538815
TST-04-R,52.8306027217763,-1.93019888397528,1.98677173426624,1.43136376415899,1,0.939519252618618,-2.8,3,164,2.2148438480477,0.255272505103306,9.59049139356395,12.650149346575,3.43071813485603E-17,8.97513393714875E-10,2.77535314303693E-16,2.05367678017377E-09,1.22641288133078E-13,9.82058637153512E-09,5.3636245503914E-09,8.09846748157781E-09,1.27626985300606E-07,1.70746840497304E-09,1.08092740374328E-05,8.36782104008938E-05,6.44070565485655E-08,1.96060925100817E-08,2.08558420804098E-09,1.54574843846517E-06,0.0006464710346,4.28376835539185E-05,0.001714045062927,0.010747386042624,0.056231853890226,0.001410734860773,0.001183602644463,0.086377159043872,8.59958418602847E-05,0.002063809337093,6.15490596949058E-05,0.001838714925055,3.87172317267956E-08,2.59849999492285E-11,0.014161810328076,0.24905859105099,0.001594600539293,3.92696924113888E-05,0.563914557163762,0.000895201488797,0.00259262018767,0.00460348926195,0.000506071601971,0.000132012395064,1.30095913984107E-06,2.26086140217389E-09,1.86015002760765E-16,1,>5%,EndGr37,Autumn,137.803633704939,24.9433817483351,5.48308543660941,159.074154648877,27.4583788624637,5.75185693937064,155.960516206447,26.9459866678484,5.75098283497368,159.500366233724,27.4583788624637,5.76900361321952,156.445156662558,26.9459866678484,5.7701204623067,5.11467486613043,7.13244015215512,7.1107992420672,10.0509010791001,10.0429805083896,0.996008314124982,0.996008314125447,46.1739068374834,45.8872096891197,45.9956800606871,43.6644129472087,7.21505549714107,7.20145586243845,7.20145612040305,7.84746657493884,7.99770293328455,53.4478321218017,59.8135350805732,60.3455560984231,74.8589409524186,80.2805390093347,79.9701882423021,6.01259238779392,6.1698988748619,4.55379826860171,4.58259085632414,4.68956275186274,4.76083078764696,-0.693981643280669,-0.7692526157661,0.034788523108709,0.144265570478497,0.047473076985654,0.157790242478934,0.586683309482286,0.588112897051244,0.074255883211637,0.139909126262086,-0.06201250129623,-0.143675190839078,0.466949550541034,0.418499597087697,0.690417548202985,0.567886282127127,0.835286821303253,0.598009232650924,32.5080228141851,32.0236712963755,35.6567273164888,36.2542892920682,98.037846824463,81.5779926388852,93.5778426288419,50.2856047469578,96.3129280231462,9.70081781705982,9.2588241793479,6.02258442925829,12.816970762035,19.0416434476453,38.1575665659324,19.0416434476453,33.2287293954341,11.2852299298622,19.0701126421299
TST-05-R,51.9101988165427,0.791418939978073,1.17609125905568,1.44715803134222,0.819543935541869,1.15836249209525,-3.37,3,217.7,2.33785842904109,0.113943352306837,10.0983847589,13.669552395552,1.68462614445163E-19,6.33784697685021E-17,1.45540937424894E-23,7.91375269459051E-16,6.74732283270574E-21,1.72292636421722E-16,4.80719217309444E-15,2.06036043954573E-15,2.28293624061885E-14,9.19002361190174E-17,3.32215047353288E-13,4.20403179328991E-11,2.7426792559243E-15,1.0718659390205E-16,1.56082244805831E-17,1.1719001820842E-12,9.89153925038775E-09,1.340461906504E-10,7.45020117947767E-08,7.02761943379522E-08,1.58260935871085E-06,1.03112106417106E-09,7.530245145611E-09,0.000133910923601,5.37860270045801E-09,6.93386640157882E-08,1.48617022357962E-06,2.81756267363593E-07,6.1210753056739E-11,5.29057673031402E-12,8.47711310633146E-07,4.81250643599507E-05,3.69503530522895E-05,0.00477874227769,0.091469789997254,0.362350666573056,0.194250335067881,0.341783622258015,0.000830797325759,0.000179089365616,0.004130688766651,2.84553531550808E-06,5.20855553710575E-11,1,>5%,EndGr20,Autumn,129.983480122386,25.1471757691765,5.1108563209786,146.274735946217,27.7907153390327,5.21828053224905,143.357407380076,27.1043126226727,5.24422812420553,144.43157754114,27.7907153390327,5.14706536179554,141.551598589548,27.1043126226727,5.1731337224948,5.31579747688914,7.01228766961411,7.00006032799451,9.96077140275384,9.95745793572031,0.999915494362538,0.999915494362633,30.2078307350089,30.0944771027615,46.5032182194002,43.2838888613817,6.86412052957632,6.83395707905225,6.83395717847076,7.33127498390442,7.47840810378277,43.4683585048394,45.9947942529031,46.1140879644013,60.9479670940453,65.6943811345371,65.405564692686,5.66219911629552,5.84561302569334,4.27600804245725,4.28693803387634,4.40914651711557,4.47936601395436,-0.831683762068004,-0.947881616699394,-0.433839139300514,-0.317462701486353,-0.414831651863637,-0.2949066258391,0.233694546032907,0.228906198002197,-0.402664506325449,-0.342274664082486,-0.211661349020455,-0.278335027481126,0.00848841964034,-0.296161183962165,0.510729198401433,0.274805114615208,0.573803373731425,0.339888595547475,26.1244202726072,26.9188355183987,31.0409769506672,29.1883335675855,98.2110856588622,86.7371719081327,93.7818898555457,42.3502521313386,97.2431151987631,10.3276469213876,9.8987591326305,5.31347714824612,11.0453488660273,18.3783546805917,37.39906348311,18.3783546805917,26.9098505467799,10.8439653062718,17.1142184296963
TST-06-R,50.893935657628,-1.89615445263576,1.57978359661681,0.255272505103306,0.255272505103306,1.15228834438306,2.9950495049505,1,178,2.25042000230889,0.740362689494244,10.5580483909605,12.4957512203979,2.20032496755844E-24,3.40817919003955E-14,2.1014910673179E-21,1.20700343782688E-15,9.95149718500583E-21,7.26783356368465E-16,1.20066921151004E-12,4.05605584393677E-12,5.21269903280179E-12,1.16186932092011E-14,4.2683707432923E-14,3.86295030959435E-12,1.32618578004543E-13,3.99421078205389E-15,1.13352040737612E-15,1.36260481736855E-10,4.71612057318471E-10,7.29980856615651E-12,1.37456474949033E-09,4.70255883045264E-08,3.23997544631531E-07,1.47755514141025E-11,1.39263540798685E-08,1.94016513899152E-06,3.30964175192598E-08,2.7262723430741E-06,0.00227443158647,2.90289474384354E-06,9.48623905991636E-07,0.000789160325006,1.86462671844488E-06,8.48395032833706E-08,5.33247456113264E-07,7.45709172881391E-05,0.001103294630222,0.000246821870678,0.004637998634476,0.03941332016484,0.893336875364316,0.05680672226099,0.001305315652379,6.39695319742718E-08,3.88901454303109E-09,1,>5%,EndGr14,Autumn,113.77558644021,21.9480974997144,5.110864810539,133.413141122986,24.6545608772104,5.36045100081614,131.829027985667,24.3688030390347,5.3585744580474,131.462182065313,24.6545608772104,5.27579649155908,129.873896817084,24.3688030390347,5.27332897602648,5.25849377605071,7.15842266397903,7.15634493804463,10.2248088094361,10.2280390506652,0.984776954781715,0.984791049185119,54.0751896893915,53.1349503384169,46.5071611577891,44.819789103279,6.95124974928778,6.94038598868522,6.94039552066113,7.50173746410941,7.67702902216793,45.2154454523006,48.8218158819695,51.4718338922439,57.2184881973756,65.3835256501615,65.3366031502155,5.61419919496358,5.70570381458088,4.18963330909121,4.21242691111717,4.34320599510267,4.38806716596263,-0.854894683573212,-0.921474413974481,-0.167227505130887,-0.152355407585183,-0.156857394656445,-0.14189748899679,0.409446139180888,0.431978416336908,-0.406382224425684,-0.391913776432175,0.051921289003677,-0.073847919669333,0.439432685571934,0.25194071344825,0.493574610877839,0.240885175442108,0.257953494979341,-0.024618552470895,27.0016360622377,26.3688709983277,30.052364039997,33.3714772628649,97.2156707822112,91.1785803185937,89.2186493104803,52.8192101114412,95.4873536268188,8.86866163055809,8.57422769050791,5.32210471925323,10.1415748391475,17.1874591940858,33.314824967445,17.1874591940858,26.1622570468644,10.5556101961264,15.4487842760963
TST-07-R,52.5472207306573,0.364094893981812,0,1.83884909073726,1.60205999132796,2.30102999566398,7.4375,7,237.3,2.37529773821734,-0.698970004336019,9.64487082195775,13.5841805945221,1.56791298838854E-38,7.67102864282738E-30,9.30980124547201E-40,1.14800806360064E-32,1.40463269592502E-35,1.6943976058158E-30,6.94435360276377E-29,2.23404699174122E-31,3.76142344172086E-26,1.54538080129496E-30,2.61282973631376E-27,2.91384064478574E-25,5.89058864995253E-29,2.04747835826757E-32,1.16198704759452E-31,9.36121545415677E-29,4.35737768413103E-21,4.2013497547167E-22,5.01473812424383E-21,5.96208872781579E-20,1.84826999427744E-21,7.0289096015621E-22,2.97296160603293E-23,4.99757083793209E-19,6.10803531732309E-23,5.36835326148493E-23,2.17370602873058E-19,5.85747622411661E-24,5.55315188629461E-26,9.34211547622857E-23,4.62193367351816E-16,6.3236468134824E-17,1.54136627407296E-13,5.67321450823978E-08,3.84377354380717E-12,1.45375414102957E-07,1.35167176054789E-09,5.16279862581428E-10,6.33620273864271E-11,6.44852039925683E-12,0.000675224601487,3.25276969095188E-06,0.999321318579502,1,>5%,EndGr42,Autumn,105.543082231668,23.6922088950985,4.44433085982629,110.496715397055,26.1534147229993,4.22428255838368,108.77259363842,24.9226517230505,4.362554504887,103.651690544963,26.1534147229993,3.96738784351093,102.319750122964,24.9226517230505,4.10874656739816,5.63988059348589,6.47071304657925,6.47071023361125,9.20411299936853,9.20411158688491,0.961555555078101,0.961555555078101,15.9073562509583,15.884766631978,52.9120624046945,48.0162226251131,5.91821593929487,5.65462675281976,5.65785466720698,5.66304325531912,5.68233223897705,14.0583855006619,4.64901686086156,4.5351229373651,24.5933833534688,10.0485012007108,9.97200569796244,4.66819999598338,4.62748125749855,4.11160865200236,4.24136589075695,3.96863130563777,4.02816656491004,-1.13658074495186,-1.07843928541281,-1.65751391421737,-1.4981903154477,-1.65751029400294,-1.49818525712249,-0.876120815722617,-0.879211009670548,-1.52491939988363,-1.53668629624847,-0.740577785106792,-0.744194022051897,-1.1859557071953,-1.12790136510036,-0.159941000508904,-0.619383995079567,-0.841118150629333,-0.91534317671607,18.0256200963456,20.8139086005467,23.726730240891,14.8877442725953,99.6483031577482,96.767288450507,99.1461780608118,44.4906939497983,99.3916038462676,12.4942247977256,12.5577830947612,3.23114414651569,7.00020981108699,14.6164037241412,33.3075401441249,14.6164037241412,9.23519022201659,8.07763078110732,10.1549294701557
TST-08-R,60.0434248664715,-1.21731389657521,0.698970004336019,0.819543935541869,0.556302500767287,1.07918124604762,-6.535,1,17.5,1.24303804868629,1.06069784035361,7.53,8.88,0.999992317718904,7.6451094893803E-06,4.87710542345578E-11,3.55196326655307E-08,9.72516738226477E-12,7.41305381853755E-10,1.42655027384678E-11,5.80019769330414E-11,1.60065484481083E-12,3.50474304712155E-10,2.17415138246064E-13,1.49419075001625E-12,3.96536126896754E-10,4.61222655581888E-12,1.66398673139824E-12,8.92924308264938E-13,7.41671226112674E-18,1.90618564967013E-15,8.62271667939306E-13,9.90961755835447E-13,3.099734026871E-15,3.3351335361983E-14,1.65203948195315E-11,2.65725739704266E-17,4.90575324075969E-15,1.1493996084813E-15,7.6894685481254E-15,3.9718801873212E-12,1.45051114335055E-16,6.97057793660935E-22,3.98000432279782E-17,1.5086832625312E-14,5.23260971174606E-23,1.82423114766201E-25,7.83911865856778E-20,4.21031780026745E-21,1.58788331511359E-20,6.57350689376068E-20,3.15153597366348E-20,1.12430096568433E-20,4.43784468367194E-25,4.9313735549469E-32,1.43181383613313E-36,1,>5%,EndGr38,Autumn,68.3337209199084,13.0000550579895,5.3288942664745,83.2670962827774,13.8889486917703,6.11767230817409,82.1115377711108,13.8889479885516,6.03256283986174,82.489333766228,13.8889486917703,6.0820030711504,81.3893351034764,13.8889479885516,6.00033360213145,4.53399991338737,5.95211042148464,5.95211042148236,7.65589291217819,7.65589291217592,0.999999999963278,0.999999999963278,28.8191285939683,25.8921489341223,45.9196635302028,44.0708862097794,7.30222103804517,7.30222106943897,7.30222106943897,8.18210928015476,8.23299965904428,65.2599853483941,77.8316422971383,71.1715732118892,85.44032934313,93.2626365716732,89.301650972008,5.54967303898887,5.73556276573148,5.58021674609567,5.55132722726385,5.11210920807796,5.16055938635447,-1.37421320337666,-1.37421335558545,0.476331890987285,0.808440116433575,0.476331890993493,0.817560046382572,-0.124432433078435,0.25589570955386,-0.713214461679116,-0.698104501879541,-0.460557258629024,-0.474997824991335,1.05777932406583,0.95644099875043,0.790779201503144,0.613219948850965,0.777220365201451,0.232112000985638,51.0896657461802,50.2412022084698,54.6055347503911,57.9299857021029,99.9425092003578,97.6632923027801,99.0455853637349,55.8251013626538,99.8699391698383,2.91958374079007,2.92124357434426,3.6666816294162,7.11113633127662,10.7778172085182,17.1111877853467,10.7778172085182,19.0000787667293,7.22223640927948,10.8889270895331
TST-09-R,55.7172164125137,-6.23063405422065,1.66275783168157,0.929418925714293,0.656098202012832,1.30102999566398,-6.265,3,3,0.477121254719662,1.05690485133647,9.42718770450423,9.09075220163416,1.9738877750842E-12,8.73776106844026E-09,0.4628262440013,0.187038515913822,0.332493457587043,0.000919596587205,0.000182337886395,0.002572019003406,3.59168844641548E-05,0.000571210330912,4.13704590116882E-06,7.77896677010376E-06,0.004032849914136,0.006647485505006,0.002619864196854,1.82858827404309E-05,1.76146626012295E-09,8.00353350005223E-09,4.6807044822976E-08,4.70875786709158E-08,9.6507955036088E-08,2.28541985325021E-09,1.19307651630231E-07,9.12219612745632E-10,1.90722110187244E-05,4.41808559234285E-07,1.10873702192263E-08,7.50193840079642E-08,1.03677229028183E-05,2.48365553603567E-16,4.37523226765003E-10,5.942459118901E-10,6.54427719219228E-14,3.79565006614442E-17,1.40425692929366E-13,7.27640636772104E-17,1.33217343506913E-14,1.14044124884006E-14,1.81320773797343E-13,2.40826631103873E-14,6.11872138174013E-20,8.42989880722403E-23,6.01518684086424E-34,1,>5%,EndGr32,Autumn,103.019346993446,16.3681308365168,6.28982955529612,120.092008458343,17.2026070088636,7.00073805452499,118.973609475677,17.0917888109757,6.97971245443624,120.293428555838,17.2026070088636,7.00172866584613,119.227119887132,17.0917888109757,6.98336454724024,4.09253536445268,5.44873001380676,5.44866088881574,7.19753393741021,7.19745653732955,0.982905085330568,0.982905085330568,24.738277545664,23.6970992397384,42.9023501255277,40.9917221926222,7.68989274844112,7.6928549404548,7.69285494050125,8.47182323230451,8.50470414910255,74.690271152915,87.881745996451,83.6565358836326,94.5342872593203,97.040744547336,94.5649175414785,6.01269569620984,6.22242448887179,5.9500477693425,5.84802157857496,5.48395038812648,5.49914549795901,-0.299210168326323,-0.29383934212377,0.964075609144627,1.19888160049033,0.970068512363615,1.20534643916329,0.684514819365043,0.985599937316308,0.372288470804628,0.425554699808748,0.362677314366007,0.362265676488372,1.37516704192785,1.46115912847661,1.00643976455052,1.00820946987024,1.15107621186058,0.87550663248521,56.8017668362638,57.6406991967285,60.4713173006664,57.1061293911136,92.3561458210591,86.6317802563656,87.7399713190797,60.4659028432541,91.8025188340974,9.14811014645583,9.05376133685189,4.42338439861575,8.10892093005013,12.2769357685174,19.3929716753666,12.2769357685174,23.6812946443826,7.52132204606471,12.0286536725538
TST-10-R,56.1290512879973,-4.39077938468038,1.47712125471966,0.602059991327962,0.477121254719662,1.24303804868629,-6.1375,1,9.5,0.977723605288848,1.65991620006985,8.75717948717949,12.2415384615385,4.93268055116444E-18,1.43993377132224E-10,8.84645725617775E-05,4.10621817670369E-05,5.7934506049939E-07,5.08167414784068E-07,9.80792059161877E-05,0.471814988735236,5.59093638506518E-05,0.010625172516041,6.60634936940425E-06,0.003012391715342,0.008995914593553,0.296082301492858,0.006250579329485,0.179084377716094,4.1222947888338E-10,1.54704612997445E-07,8.9328652658664E-07,2.83252610927668E-06,5.84156687207695E-07,1.34459442790259E-06,0.022238578455063,3.95277011054635E-07,1.91182725756562E-06,0.000840288797901,3.5118701335556E-05,0.000720867225623,6.23028206645388E-08,2.9350675189646E-12,2.32883585721578E-08,4.23315079867411E-09,1.38151060962288E-12,1.30091215502549E-16,6.26497821050699E-11,1.43288976014033E-14,1.48386369096033E-11,1.19696685759329E-11,3.38958535521626E-09,1.29896678359137E-09,9.26423910549323E-17,2.38351043999439E-21,8.17817202685827E-27,1,>5%,EndGr25,Autumn,105.968219098647,16.2442638622663,6.56230539810879,123.520408987835,17.026951375581,7.33177401140101,122.373439143335,16.928391775759,7.30716999420837,124.768988567901,17.026951375581,7.38070839536343,123.617034026102,16.928391775759,7.35638899657492,4.1438177449715,5.94820128962822,5.94629734513283,7.88386093179007,7.88180893107646,0.943105096150756,0.943105096150809,41.187064278278,40.8205523188081,42.4973297333578,41.9919871937441,7.801587232836,7.79300872712818,7.79300887427554,8.62414081891635,8.64340053404614,79.5157508937956,90.7410389352277,90.5698323639803,96.9684408414215,97.5714825002086,97.4165325846622,6.10374834295292,6.2636647147098,6.04852396069847,5.90664398409798,5.57182752643378,5.54693796192977,0.133307706376251,0.107962200369058,1.22569825335965,1.23128635185751,1.22584089376908,1.23130783362565,1.16146631996399,1.1648125183716,0.680980796944801,0.683020090227141,0.527990908464256,0.464415488899505,1.50700388215444,1.61782428891467,1.012491687652,1.02274165192769,1.16265893717902,0.925068558669876,63.7181987577712,65.7455519593961,68.3511413310235,74.8132678290654,87.7310305547106,97.0486195734085,82.816983948114,80.1053604510614,86.2673581750343,12.1639992121489,12.0743096370923,4.89697498531186,9.49551541410312,12.0033410647431,19.6211754362077,12.0033410647431,26.0209638533702,7.72235514204324,13.2701049827632
TST-11-R,57.6085264050614,-3.33549772152897,1.64345267648619,1.43136376415899,1.17897694729317,1.39794000867204,-6.4,4,23,1.36172783601759,0.919078092376074,8.5672489100684,11.2060609393214,1.15110372010147E-09,9.04470408377428E-06,8.39089501034119E-07,0.007781002665003,3.5147852762947E-06,0.059027704992095,0.002430474799962,0.0056318152768,0.018232397530261,0.082678341698827,0.157584808014277,0.292667736014056,0.109490595355125,0.03547105819329,0.004235133992981,0.019912761111765,2.67244141841508E-05,0.004755249052429,0.04906204943499,0.004129542197936,0.000992955225176,0.016530187080163,0.118688615352177,0.002151511218497,8.68353227278038E-05,0.005958597644078,4.43405505050785E-06,0.001161270207468,4.37315325800378E-07,2.41350479801662E-14,2.38970997096444E-05,0.001270312803172,1.24786365520097E-07,2.76086456315146E-12,2.22051132724208E-08,9.54309209346734E-11,3.05564304924458E-09,3.57213825409531E-10,1.29940881109743E-09,4.00477347477266E-10,7.14378057713181E-14,2.72890501872826E-15,2.45902220734199E-27,1,>5%,EndGr32,Autumn,125.114241783213,19.6128164855391,6.35974324632403,147.066345494675,21.2075566210729,6.95297228977128,143.490157634596,20.7782180536378,6.92611204225787,148.576697517697,21.2075566210729,7.00155093840605,145.092779493534,20.7782180536378,6.98134775394511,4.46308176804192,6.63671940452696,6.62089642273037,8.94092627024712,8.92669642088928,0.969887155452202,0.969887155452202,46.8050983339525,46.5015665481119,44.6951309722927,43.4325495717898,7.72176812569803,7.71311785073462,7.71311786931331,8.49556970088329,8.52136092666007,71.2678846780388,84.8283944548675,85.1302008031897,94.1909687965582,95.8887620355466,95.4288908411013,6.16163194491855,6.31357360724522,5.56897534818167,5.51963147192919,5.31916098653169,5.34412982201296,-0.106422316231239,-0.143854818956021,0.936314164723403,0.975305366815432,0.94326048666706,0.982171843071436,1.03584579914911,1.05260746961852,0.651829852139351,0.668066443186111,0.3393849495343,0.259233700673407,1.1590419386121,1.24015173373373,1.0240796420272,1.02280357317854,1.22098631151165,0.928773138632844,54.6934146900591,54.7556363478428,57.4855312319091,62.9597382304828,94.1600302930377,92.1227762996685,90.322228784331,71.583529602203,93.0417616760963,11.5333688277142,11.3308196884646,5.40058562172834,10.9596336960655,14.634366885572,24.8994215548046,14.634366885572,29.4525377531263,9.07808336064784,15.4684346228156
TST-12-R,53.1761181687725,-4.05128226360786,2.20411998265592,0.806179973983887,1.07918124604762,1.44715803134222,-6.985,2,9.8,0.991226075692495,1.82412583391655,10.2243624018208,10.2983948513668,4.99748964060246E-14,2.34982644488114E-09,0.000276336358992,0.002295977046253,1.69841451223517E-05,0.00017194125754,6.819133666005E-06,0.019723533648381,0.006001901715232,0.006467425394986,0.000604001185385,0.000753794996495,0.001705912427142,0.037340947595816,0.013042729076204,0.489108289640147,2.62706790586612E-06,6.80260398962032E-06,8.81544055791542E-05,0.000107017801563,0.000128224789226,1.04134790590968E-06,4.75495172594865E-05,3.73270854719642E-05,0.337602792318887,0.052850292314909,0.000109096237036,2.16193068033307E-05,0.03148018630112,4.7735311384474E-14,1.70399205882919E-08,6.38599110997461E-07,2.0927918210115E-10,5.25539142848176E-12,1.11102443874179E-09,7.18596228273045E-13,7.91217673604126E-10,1.13490970964761E-10,8.35970314743171E-09,6.70132597010201E-09,1.10970160594654E-14,9.87552268129249E-16,1.29973926035161E-28,2,<5%,EndGr38,Autumn,136.308288275057,21.4806549416686,6.35044451300901,162.565664311366,23.4449877566868,6.97940476403392,158.189616763329,22.9673113475951,6.93774844515382,165.612488823729,23.4449877566868,7.10914150269247,161.39568472456,22.9673113475951,7.0752090400189,4.45205131623193,6.67943146011207,6.67201944889455,9.05123178184799,9.04665591402704,0.989146071340522,0.989146071340523,42.5612925499493,42.2255313980659,43.8542945694998,42.4726752451623,7.75687232507902,7.75088954215983,7.75088999927307,8.66604920736278,8.71601602843773,72.3709780178476,88.1353511304629,87.8173609058104,93.0789774171045,95.856902326928,95.5173042497319,6.12088370356837,6.30894628991318,5.52351166670061,5.44890015126326,5.27906554876814,5.30217244242696,0.094201562185436,0.073304099921071,1.00371081629083,1.03865350703475,1.00754375475922,1.04220711296028,1.07225410533068,1.08723968382689,0.658549650832978,0.681614204048229,0.286217881579054,0.168326184852358,1.29994641727513,1.46324242445111,1.02814847221324,1.0542429722606,1.20557493490736,0.926882308513135,53.1524127308098,51.7665044536827,55.8734313578683,55.6674564424899,91.2055079058475,89.1030016862423,82.8907100574252,63.4014387808468,89.0529422054424,11.9233538791757,11.5643904668278,5.86752405324247,12.4447791217782,16.4144074120976,30.203519991278,16.4144074120976,33.8025394578197,9.50376622268269,17.5184950974321
